:020000040800F2
:1000000008B40020A10100080734000819330008D3
:10001000DD330008251900083558000800000000ED
:100020000000000000000000000000000B4D000870
:1000300027190008000000001D4300080D4D0008AE
:10004000C7010008C7010008C7010008C701000870
:10005000C7010008C7010008C7010008C701000860
:10006000C7010008C7010008C7010008C701000850
:10007000C7010008C7010008C7010008C701000840
:10008000C7010008C7010008C7010008C701000830
:10009000C7010008C7010008C7010008C701000820
:1000A000C7010008C7010008C7010008C701000810
:1000B000C7010008C7010008C7010008C701000800
:1000C000C7010008C7010008C7010008C7010008F0
:1000D000C7010008495600087D5600085957000816
:1000E000C7010008C7010008C7010008C7010008D0
:1000F000C7010008C7010008C7010008C7010008C0
:10010000C7010008C7010008C7010008C7010008AF
:10011000C7010008C7010008C7010008C70100089F
:10012000C7010008C7010008C7010008C70100088F
:10013000C7010008C7010008C7010008C70100087F
:10014000C7010008C7010008C7010008C70100086F
:10015000C7010008C7010008C7010008C70100085F
:10016000C7010008C7010008C7010008C70100084F
:10017000C7010008C7010008C7010008000000000F
:10018000C7010008C7010008DFF810D000F0C0FC6C
:1001900000480047859D0008AFF3008008B40020A8
:1001A0000948804709480047094B1860D0F800D03B
:1001B00041680847FEE7FEE7FEE7FEE7FEE7FEE7E9
:1001C000FEE7FEE7FEE7FEE71D4E00088901000896
:1001D00008ED00E02DE9F05F0546002092469B46C1
:1001E00088460646814640241BE02846414647464D
:1001F000224600F02CFB53465A46C01A914110D3B8
:1002000011461846224600F013FB2D1A67EB010831
:100210004F4622460120002100F00AFB17EB00099F
:100220004E41201EA4F10104DFDC484631462A4637
:100230004346BDE8F09F00000048704764CC0008CA
:1002400010B50446FFF7F8FF0068005D00F00100FC
:1002500010BDA0F14101192900D82030704710B518
:10026000431A934209D28318881803E010F8011D3D
:1002700003F8011D521EF9D210BD40EA01039B078D
:1002800003D009E008C9121F08C0042AFAD203E00B
:1002900011F8013B00F8013B521EF9D210BDD2B259
:1002A00001E000F8012B491EFBD270470022F6E75F
:1002B00010B513460A4604461946FFF7F0FF2046DC
:1002C00010BD30B505462A460B4612F8010B13F84F
:1002D000014B08B1A042F8D01CB1002802D06D1C1F
:1002E000F1E7284630BD10B5044604E00B7800F86D
:1002F000013B03B1491C521EF8D2204610BDCAB2C0
:10030000401E10F8011F8A4202D00029F9D10020B6
:100310007047421C10F8011B0029FBD1801A70475E
:1003200010B5002200E0521C835C8C5CA34201D11A
:10033000002BF8D1D8B2E1B2401A10BD30B5044656
:100340000020034600E05B1C934203D2E05CCD5CDE
:10035000401BF8D030BD034611F8012B00F8012BEB
:10036000002AF9D11846704730B5054600200346EB
:1003700000E05B1C934205D2EC5CC85C201A01D102
:10038000002CF6D130BD0022CBB20178994200D1C9
:100390000246401C0029F8D11046704710B508E00D
:1003A0000A4602E0A34208D0521C1378002BF9D170
:1003B000401C0478002CF3D1002010BD0FB400B510
:1003C0008DB010A909900B9000914FF0FF300A906A
:1003D00000200C9005480690054807906A4609A839
:1003E0000F9900F06BFA0DB05DF814FBD908000806
:1003F000F70800082DE9FF5F1D464FF0FF3BD5E9E8
:10040000014691465F464FF00008A9697F1C01989C
:100410008847296A824688470028F6D1BAF1FF3F0B
:100420000CD024F4C064002E19DD600614D5BAF196
:100430002B0F09D0BAF12D0F0ED103E0584604B0AE
:10044000BDE8F09F44F48064A9697F1C0198884747
:10045000761E8246002E02DDBAF1300F03D0B9F1CC
:10046000000F26D032E0A969761E44F400747F1C88
:10047000019888478246002E05DDBAF1780F06D034
:10048000BAF1580F03D0B9F1000F10D01EE0B9F146
:10049000000F02D0B9F1100F18D1A969761E24F40B
:1004A00000747F1C019888478246102002E00820D3
:1004B00000E00A20814609E008FB0908A969761EC8
:1004C00044F400747F1C019888478246002E05DDA5
:1004D0004946504600F0DDF90028EDDAE969019857
:1004E0008847A00502D46FF00100A8E7E00725D1F6
:1004F000600613D5600502D5C8F1000000E0404653
:1005000029680A1D2A600968220501D5087015E0CE
:10051000220701D5088011E008600FE02868011D5E
:1005200029600068210502D580F8008006E02107D7
:1005300002D5A0F8008001E0C0F8008038467EE7D0
:100540002DE9FE4F804681EA0300C00F0C46009063
:1005500021F0004123F00045B8EB0200A94105D28B
:100560004046214690461C460B46024623F000407A
:10057000104347D0270DC7F30A00C3F30A51029076
:10058000401A019040286BDAC3F3130040F4801B3B
:100590000098924620B10023D2EB030A63EB0B0BC9
:1005A00001985946C0F14002504600F041F9064614
:1005B0000D4650465946019A00F059F910EB0800D3
:1005C0006141002487EA115284EAE7731A4340D05C
:1005D000009A62B3019A012A4FEA075215DC001B08
:1005E00061EB02014FF0004202EA0752CDE90042FE
:1005F000001C41F5801132462B4600F09CF903B0F7
:10060000BDE8F08F40462146F9E7001B61EB02018F
:10061000001C41F5801300185B412018A2F500175B
:1006200047EB030140EAD570B6196D4111E06D0842
:100630004FEA360645EAC0754FEA0752001B61EBE8
:100640000201001C41F5801149084FEA30000019F1
:10065000514132462B4603B0BDE8F04F00F05CB983
:100660000098012240000023D0EB020263EBE0730C
:10067000009821464FEAE074B8EB000061EB0401FA
:10068000E9E783F000435BE781F0004158E72DE99B
:10069000FE4F81EA030404F0004421F0004100947D
:1006A0004FF0000B23F0004350EA01045ED052EA01
:1006B00003045BD0C3F30A54C1F30A552C44A4F2DB
:1006C000F3340194A0FB0254C1F3130141F48011EF
:1006D000C3F3130343F4801301FB024400FB034EF6
:1006E000840A970A44EA815447EA8357A4FB0768BF
:1006F00002958D0A05FB07854FEA932C04FB0C54E9
:100700002705029D4FEA065847EA1637B5EB08055C
:100710006EEB070C870E920E47EA811742EA8312AE
:10072000A7FB0201B6EB0B0164EB00042B0D43EABF
:100730000C335E1844EB1C50DA465146E7FB0201CD
:10074000C5F313044FEA0B3343EA14534FEA043260
:10075000019C43EA0603A4F10C040294009CCDE939
:1007600000B400F0E8F803B0BDE8F08F00200146C7
:10077000F9E70EB5C10F80EAE0700844CA0700210E
:1007800040F233438DE80E000A460B4600F0D3F8E2
:1007900003B000BD70B5C1F30A5201F0004500245A
:1007A000C1F3130140F2FF3341F480119A4201DAA0
:1007B000002070BD40F233439A42A2F2334203DC80
:1007C000524200F044F800E090402C43F1D0404207
:1007D00070BD000030B5041E71F1000404DB4FF061
:1007E0000044404264EB0101141E73F1000405DB78
:1007F0001C464FF00043524263EB0403994208BF8A
:10080000904230BD30B50B46014600202022012425
:1008100009E021FA02F59D4205D303FA02F5491BCE
:1008200004FA02F52844151EA2F10102F1DC30BDE4
:10083000202A04DB203A00FA02F1002070479140A0
:10084000C2F1200320FA03F3194390407047202A95
:1008500004DB203A21FA02F00021704721FA02F36A
:10086000D040C2F120029140084319467047202A27
:1008700006DBCB17203A41FA02F043EAE07306E0C8
:1008800041FA02F3D040C2F12002914008431946D8
:1008900070473A2800D2303820F02002412A01D394
:1008A000A2F13700884201D34FF0FF3070470000BB
:1008B000026811441378016018467047D1600449FA
:1008C00051610449116200211161114600F032B9F1
:1008D000B108000841020008426842B1016811F8FD
:1008E000013B23B1521EC0E9001218467047012196
:1008F000C160881E704742685AB1C368016843B935
:1009000083688B4205D0491E521CC0E900120020AA
:1009100070474FF0FF30704710B5141E73F100049C
:1009200008DA401C41F1000192185B411A4301D1E1
:1009300020F0010010BD2DE9F04D92469B4611B10B
:10094000B1FA81F202E0B0FA80F220329046FFF76D
:100950006FFF04460F4640EA0A0041EA0B01534686
:100960005A46084313D0114653EA010019D0C8F182
:1009700040025046FFF76BFF05460E46504659466B
:100980004246FFF755FF084305D0012004E020460A
:100990003946BDE8F08D0020054346EAE0762C4359
:1009A00037430A986305E40AA0EB08000022FD0A19
:1009B00044EA47540A3002D500200146E9E7010520
:1009C00010196941DDE9084500196941BDE8F04D9C
:1009D000A2E72DE9F04D81EA030404F0004B21F079
:1009E000004514464FF0000A23F0004150EA05028A
:1009F00020D054EA01021DD0C5F30A570246C5F3C0
:100A00001303C1F31300C1F30A5640F4801543F4F5
:100A10008013A7EB0608101BD64608F2FD3873EBCF
:100A2000050002D308F1010801E092185B41B8F11A
:100A3000000F03DA00200146BDE8F08D00204FF4DE
:100A40008011064684460EE0171B73EB050705D39D
:100A5000121B63EB050306434CEA010C49084FEAFD
:100A6000300092185B4150EA0107EDD152EA0300D1
:100A700012D082EA040083EA0501084305D0101B66
:100A8000AB4106D20122002306E000224FF00043D2
:100A900002E06FF0010253101AEB06004CEB085114
:100AA00010EB0A0041EB0B01BDE8F04DFFF734BF3E
:100AB00070B521F0004303430CD0C1F30A55002464
:100AC000D5EB040564EB0403D617AD1AB34102DB82
:100AD0000020014670BD201841EB025170BDC1F3EA
:100AE0000A52C1F3130140F2FF3341F480119A42DC
:100AF00002DA00200146704740F233439A42A2F2E4
:100B0000334202DC5242FFF7A2BEFFF791BE000063
:100B1000064C074D06E0E06840F0010394E807004A
:100B200098471034AC42F6D3FFF732FBCCCF000825
:100B3000ECCF00082DE9F34F8BB04FF0000801F126
:100B40000C000C464FF0010B46460DF1080A0190CF
:100B50006269012101989047051E2DD0252D2CD0CA
:100B6000216A8847C0B16269012101989047216AD2
:100B700088470028F7D1411E62690198904700E03C
:100B8000761CA1690B988847216A88470028F7D10D
:100B9000E1690B988847DBE7A1690B98884707460E
:100BA000A84201D1761CD3E7E1690B9888477F1CE6
:100BB00002D1B8F1000F6FD047E1002762693D46CE
:100BC0003946019890472A2804D162690121019889
:100BD00090470125DFF888926269012101989047CA
:100BE000A0F130010A290AD24F45E5DC07EB870165
:100BF00000EB4107303FDFD445F01005ECE7E90694
:100C000001D46FF000476C280AD04C2814D0682813
:100C100015D06A280DD074281CD07A281AD01DE06F
:100C200062690121019890476C2802D045F00405C3
:100C300014E045F002050DE045F020050AE0626988
:100C4000012101989047682802D045F0080505E089
:100C500045F400656269012101989047C4E9015794
:100C600065283DD019DC58287AD00CDC452837D0CF
:100C700004DC252826D0412831D131E046282FD068
:100C800047282CD12CE05B2877D0612828D0632816
:100C90007CD0642823D15AE0D1E06F2848D008DC0A
:100CA00066281DD067281BD0692821D06E2816D150
:100CB00027E0702845D0732868D0752847D0782859
:100CC0000DD14DE0A1690B988847054625283FF4D2
:100CD00069AFE1690B9888476D1C3FF46AAFB4E0D7
:100CE00023466A466FF001000B99AFF300809FE046
:100CF00045F040006060A80723464FF0000236D45C
:100D00003EE0E8077FF447AF2068011D21600068DE
:100D1000290501D506701BE7290701D5068017E7CD
:100D2000A90703D5F117C0E9006111E706600FE7D5
:100D300045F040006060A80723464FF0080216D433
:100D40001EE040F60E0125EA0100606016E045F065
:100D500040006060A80723464FF00A0207D40FE066
:100D600045F040006060A80708D5234610226FF0C8
:100D700001000B99AFF300805AE007E023461022F0
:100D80006FF001000B99FFF735FB51E04FF00009C0
:100D90004F464B46632802D05B2807D041E02079BC
:100DA000C00601D40120A06001273AE06269012158
:100DB000019890475E2805D14FF0010962694946C4
:100DC00001989047216939B900210A46534643F8F2
:100DD0002120491C0829FADBB0B3216969B9C11780
:100DE00000EBD16253110AEB830122F01F02821A39
:100DF00001200B68904003430B6062690121019858
:100E000090475D28E8D1B9F1000F09D00020514684
:100E100051F82020D24341F82020401C0828F7DB5D
:100E200002AB224600976FF001000B99AFF30080F0
:100E300000280CDA401C08D1BBF1000F05D04FF0A0
:100E4000FF300DB0BDE8F08FFFE74046F9E7E90756
:100E500001D108F1010806444FF0000B78E60000CC
:100E6000CCCCCC0C2DE9F04D00231A461B1A8A413C
:100E700003DB00200146BDE8F08DC1F30A52C1F347
:100E8000130141F480154FF0000BD10702D1001877
:100E90006D41521E0027044640F2FF11384601EB17
:100EA000620A3E468046024600204FF48011FFF75A
:100EB000CEFCC2197141BB1846EB0100B4EB030C28
:100EC00075EB000C04D3E41A65EB000517460E46DB
:100ED000241908F101006D4180463428E3DDF91939
:100EE00046EB0600091BA84103D24FF0FF32134620
:100EF00001E0002213461BEB070046EB0A51BDE858
:100F0000F04DFFF709BD70B58C1810F8015B15F0B6
:100F1000070301D110F8013B2A1106D110F8012B6B
:100F200003E010F8016B01F8016B5B1EF9D12B0790
:100F300005D40023521E0DD401F8013BFAE710F846
:100F4000013BCB1A921C03E013F8015B01F8015B33
:100F5000521EF9D5A142D8D3002070BD30B5A1B042
:100F6000802101A8FFF7A2F94FF47A7422463EA12E
:100F70003EA004F0B1F998B122463EA141A004F090
:100F8000ABF9A0B1224642A143A004F0A5F9A0B15B
:100F900065002A4643A146A004F09EF998B119E0E5
:100FA00046A004F05DFD4FF0FF3021B030BD4CA0F5
:100FB00004F056FD6FF00100F7E750A004F050FD7B
:100FC0006FF00200F1E72A4655A139A004F084F938
:100FD00000282AD0224624A154A004F07DF900283C
:100FE00029D05AA0009062A364A267A101A804F0CE
:100FF00047FD2A461CA101A804F06EF9002820D064
:1010000042F210726AA16EA004F066F900281ED0A8
:1010100041F2883279A17DA004F05EF900281CD04D
:101020007FA004F01DFD0020BFE789A004F018FD9B
:101030006FF00300B9E790A004F012FD6FF0040018
:10104000B3E799A004F00CFD6FF00500ADE7A2A096
:1010500004F006FD6FF00600A7E7A8A004F000FD6D
:101060006FF00700A1E700004F4B000041540D0A4C
:10107000000000002B4350494E3A2052454144594C
:101080000000000041542B4350494E3F0D0A000020
:101090002B4353513A00000041542B4353510D0A46
:1010A000000000002B435245473A20302C3100000D
:1010B00041542B435245473F0D0A00004572726F61
:1010C000723A203447206D6F64756C65206E6F74C2
:1010D00020726573706F6E64696E670D0A000000A0
:1010E0004572726F723A2053494D206361726420D9
:1010F0006E6F742072656164790D0A004572726FBB
:10110000723A2043616E6E6F742067657420736954
:10111000676E616C207175616C6974790D0A0000ED
:101120002B435245473A20302C35000041542B5177
:101130004D544346473D22726563762F6D6F64655B
:10114000222C302C302C310D0A0000003361313557
:101150003161656530383165303236643037343965
:1011600037383030393439366239353200000000D2
:10117000426F6F744C6F6164657200006B316D6714
:10118000344E62653868750041542B514D544346C6
:10119000473D22616C6961757468222C302C2225D0
:1011A00073222C222573222C222573220D0A000083
:1011B0002B514D544F50454E3A20302C30000000FA
:1011C00041542B514D544F50454E3D302C22696FA8
:1011D000742D61732D6D7174742E636E2D7368613F
:1011E0006E676861692E616C6979756E63732E63D1
:1011F0006F6D222C313838330D0A00002B514D54BD
:10120000434F4E4E3A20302C302C300041542B515D
:101210004D54434F4E4E3D302C300D0A000000001F
:101220005375636365737366756C6C7920636F6E59
:101230006E656374656420746F20416C6979756EA6
:1012400020496F5420706C6174666F726D0D0A00D6
:101250004572726F723A204E6F74207265676973BF
:10126000746572656420746F2047534D206E6574F9
:10127000776F726B0D0A00004572726F723A2046EA
:1012800061696C656420746F20636F6E6669677551
:101290007265204D515454207265636569766520EE
:1012A0006D6F64650D0A00004572726F723A2046D8
:1012B00061696C656420746F20636F6E6669677521
:1012C000726520416C6979756E2064657669636525
:1012D00020696E666F0D0A004572726F723A204681
:1012E00061696C656420746F206F70656E204D516C
:1012F000545420636C69656E740D0A004572726FF8
:10130000723A204661696C656420746F20636F6E69
:101310006E65637420746F204D5154542073657250
:101320007665720D0A0000000146014801F000BB1D
:101330001007002010B5044801F00CFB042801D070
:10134000012010BD002010BD1007002010B500F0D6
:1013500015F8012801D0012010BD074801F010FB4D
:10136000040006D14FF40061034801F089F900B18F
:101370000124204610BD00001007002008B5012000
:101380008DF800009DF8000008BD000038B500246D
:10139000009313460A460146034801F095FB00B14D
:1013A0000124204638BD00001007002038B5002475
:1013B000009313460A460146034801F075FC00B14C
:1013C0000124204638BD0000100700202DE9F0431D
:1013D000ADF2244D684E6949002099AA51F8203099
:1013E00042F82030401C1028F8DB002528464FF436
:1013F000004200BF56F82010491C01D085002D1D69
:10140000401C9042F6D3002D1FD05D4A0DF583633A
:1014100007CA83E80700184604F012FB10B159A070
:1014200004F01EFBDDF8200400900DF5836263A13B
:101430000CCAFEA804F024FB00273C46FEAB644A1D
:1014400064A18DA804F01CFB0FE065A004F008FB6C
:101450004FF0FF300DF2244DBDE8F083FEAB5C4A47
:101460006FA18DA8009404F00BFBA9A98DA807F02B
:101470007DFC0146042806D0B1B16DA004F0F0FA5D
:101480006FF00100E6E75249F0A807F065FBB8B13C
:1014900001224F496B4807F02DFAA0B16AA004F071
:1014A000DFFA6FF00300D5E7641C632C05D96BA04D
:1014B00004F0D6FA6FF00200CCE7002CBED0CDE7E6
:1014C000F0A807F005FA06228DA901A807F03EFA58
:1014D000020006D08DA96BA004F0C2FA6FF00400E0
:1014E000B8E7EFAB402299A901A8EF9707F0F2FC0B
:1014F000010002D1EF9840280CD06AA0EF9A04F0C6
:10150000AFFA01A807F0D0F98DA807F094FC6FF0AE
:1015100005009FE7B0462C464FF480691FE04E4619
:10152000B44200D82646EFAB3246414601A8EF97B9
:1015300007F0D0FC010002D1EF98B0420DD0334645
:1015400061A0EF9A04F08CFA01A807F0ADF98DA81C
:1015500007F071FC6FF006007CE7B044A41B002C80
:10156000DDD101A807F0A0F92A468DA961A004F0F9
:1015700077FA00206EE7000000000608000004086B
:101580005CC800085761726E696E673A2074696DB5
:1015900065206665746368206661696C65642C20EB
:1015A0007573696E672066616C6C6261636B203174
:1015B000393730303130310D0A0000004150505F72
:1015C0002530346425303264253032640000000058
:1015D000F206002025732F25732E62696E0000002D
:1015E0004261636B75702061626F72743A206E6F36
:1015F0002076616C6964206461746120696E206189
:10160000707020736563746F722028616C6C203079
:10161000784646464646464646290D0A00000000E2
:1016200025732F25735F25752E62696E00000000FB
:10163000665F73746174206572726F72202825640E
:10164000290D0A00748D00204D6F756E742053446F
:10165000206661696C65640D0A000000546F6F209C
:101660006D616E79206475706C6963617465206268
:1016700061636B75702066696C656E616D65730D75
:101680000A0000004372656174652066696C65201C
:101690002573206661696C656420282564290D0A1C
:1016A00000000000577269746520686561646572A6
:1016B000206661696C65642066723D2564206277EE
:1016C0003D25750D0A00000057726974652064613C
:1016D0007461206661696C65642066723D256420D2
:1016E00062773D2575206578706563743D25750DBD
:1016F0000A0000004261636B757020737563636557
:1017000073733A20257320286865616465722036FA
:101710003442202B2061707020256C7542290D0AFF
:10172000000000000068C0F3407070475FF01001D7
:1017300050F82120521C01D000207047491C20295C
:10174000F6DB01207047000070B598B0142110A896
:10175000FEF7ACFD00241A4D20466E46CDF85840E9
:1017600055F8201046F82010401C1028F8DB00F037
:1017700039FB06201290012013900220149010943F
:1017800016A910A800F09AFA08B10EA012E00024E1
:1017900005EB840156F824200023022000F0E4FA2F
:1017A00020B121460DA004F05BF902E0641C102C6E
:1017B000EEDB15A004F054F900F0CCFA18B070BDBF
:1017C00000000408536563746F72203620657261EF
:1017D0007365206572726F72210D0A00526577720F
:1017E00069746520707265736572766564206865DA
:1017F0006164657220776F72642025642066616978
:101800006C6564210D0A0000536563746F722036A5
:101810002065726173656420286865616465722063
:1018200036344220707265736572766564292E0DB8
:101830000A00000070B50446014605680AA004F0DD
:101840000FF9114800680168C9434906FBD40F49E4
:101850000C60BFF34F8FBFF36F8F85F3088860680C
:10186000BDE87040004700004A756D70696E6720E2
:10187000746F20616464726573733A203078253028
:1018800038580D0A000000009C08002008ED00E018
:1018900010B50F4C2046FFF749FF80B10DA004F0B2
:1018A000DFF8114C2046FFF73DFF00280FD00FA0B6
:1018B00004F0D6F82046BDE81040FFF7BBBF13A0E8
:1018C00004F0CEF82046BDE8104009F06FB910BD15
:1018D00000000408536563746F722036206973201A
:1018E000656D7074790D0A0000000608466F756E0C
:1018F000642076616C69642061707020696E205389
:101900006563746F7220370D0A000000466F756EB4
:10191000642061707020696E20536563746F72205B
:10192000360D0A00FEE7704770B504460D46C82024
:1019300006F008F80D4A0E490E48944203D1284695
:1019400003F074FA0AE08C4203D1284603F05EFBF0
:1019500004E0844202D1284603F008FC0648002136
:101960000170C0F80C54C0F8104470BD0010014064
:101970000044004000480040206D002072B6FEE7A1
:10198000002200F001B8000030B50E4B05460120E2
:101990005C7A002C14D1587A1C54587A03EB8000DE
:1019A00045605D7A03F108002A54587A421C5A7245
:1019B000303008703A2048702F208870CC7000209A
:1019C00030BD0000F8930020002229B101291AD06F
:1019D00002291BD04FF440720E490B6823F4407368
:1019E0000B600B6813430B600A6822F0F8020A6070
:1019F0000A68022303EBC00002430A60086840F44F
:101A00008030086070474FF48072E5E74FF4007251
:101A1000E2E70000103C02401348016889050FD539
:101A2000016821F400710160016841F40061016006
:101A3000016821F400610160016841F400710160F6
:101A4000016849050FD5016821F4806101600168D2
:101A500041F480510160016821F480510160016806
:101A600041F4806101607047003C024008490A6807
:101A700022F440720A600A6842F004020A600A68AE
:101A80004FF4803343EA002002430A6070470000AD
:101A9000103C0240064A136823F440731360136835
:101AA0001360136843F00103136001707047000076
:101AB000103C0240094910B50C6824F440740C60D5
:101AC0000C6844F440740C600C6844F001040C6031
:101AD0000260BFF36F8F436010BD0000103C0240F6
:101AE000074A136823F440731360136843F4807348
:101AF0001360136843F00103136001807047000016
:101B0000103C0240074A136823F4407313601368C3
:101B100043F400731360136843F001031360016022
:101B200070470000103C024017490868C206174879
:101B300005D5C26942F01002C26110220A600A682B
:101B4000920605D5C26942F00802C26120220A60ED
:101B50000A68520605D5C26942F00402C2614022F9
:101B60000A600A68120605D5C26942F00202C26123
:101B700080220A600A68920705D5C26942F02002F5
:101B8000C2610220086070470C3C0240E40800205B
:101B900070B5114904460020C86100F031FA0646CC
:101BA0000E4D09E0601C07D024B100F029FA801B1B
:101BB000A04201D9032070BD2868C003F2D4286870
:101BC000C00701D001202860286810F0F200F2D090
:101BD000FFF7AAFF012070BDE40800200C3C024082
:101BE0002DE9F0410446876D00F00AFA064694F8A4
:101BF00035000025022806D08020606584F8345026
:101C00000120BDE8F0812068016821F01601016023
:101C10002068416921F080014161206C08B9A06C05
:101C200020B12068016821F0080101602068016886
:101C300021F0010101600CE000F0E2F9801B0528B1
:101C400007D920206065032084F8350084F83450DB
:101C5000D7E720680068C007EED194F85C103F20F9
:101C60008840B860012084F8350084F834500020A2
:101C7000C7E790F83510022903D080214165012083
:101C80007047052180F835100068016821F00101D6
:101C9000016000207047000070B5044600F0B0F904
:101CA0000546601C02D004480078044400F0A8F9FE
:101CB000401BA042FAD370BD000000202DE9F04780
:101CC000044622480F46017E01290AD001218046A0
:101CD00001764CF250394846FFF75AFF020003D014
:101CE0002FE00220BDE8F0874FF0FF303860206819
:101CF000174D012801D0A6681CE0207C6168FFF721
:101D0000B5FE4846FFF744FF0246286820F004006D
:101D1000286014E0217C3046FFF756FE4846FFF766
:101D200037FF0200286820F0FA00286001D03E60EA
:101D300005E0761CD4E902100844B042EAD8FFF767
:101D40006BFE002188F818101046CBE7E40800204D
:101D5000103C02400348016841F00041016000204E
:101D600070470000103C02402DE9F0471B4E05462D
:101D70001446307E1F468946012808D0012030765F
:101D80004CF250384046FFF703FF18B114E0022030
:101D9000BDE8F0879DB1012D16D0022D19D0224645
:101DA0003B464846FFF786FE4046FFF7F1FE0C49EA
:101DB0000A6822F001020A6000213176E8E7E1B208
:101DC0004846FFF767FEEFE7A1B24846FFF788FEF7
:101DD000EAE721464846FFF795FEE5E7E4080020DC
:101DE000103C0240074900200A68002A09DA054A27
:101DF000054B0C3A1360054B13600968002900DAA3
:101E000001207047103C024023016745AB89EFCDAC
:101E10002DE9F84FDFF8BCA10022012503264FF081
:101E20000F090AF1040BAAF1040E00BF0B6805FAB2
:101E300002F42340A34270D10F7907F00307012F6A
:101E400001D0022F16D187684FEA420806FA08FC33
:101E500027EA0C07D1F80CC00CFA08FC4CEA070C76
:101E6000C0F808C04768A7430C79C4F30014944035
:101E70003C4344600C79E443A4070AD0C4684FEAA9
:101E8000420C06FA0CF7BC438F6807FA0CF727439D
:101E9000C7600C7904F00304022C12D1D40800EBC3
:101EA000840CDCF820405707FF0E09FA07F824EAF3
:101EB0000804D1F8108008FA07F848EA0408CCF8BA
:101EC000208004684FEA420C06FA0CF7BC430F79F5
:101ED00007F0030707FA0CF7274307604C6814F470
:101EE000403F70D03C4C276847F480472760246807
:101EF00022F0030704F480440094384C07EB040CF0
:101F0000DCF8084897074FEA177809FA08F7BC4346
:101F1000334FB84202D1002724E054E0314FB84299
:101F200001D101271EE0304FB84201D1022719E04C
:101F30002E4FB84201D1032714E02D4FB84201D1F2
:101F400004270FE02B4FB84201D105270AE02A4FA2
:101F5000B84201D1062705E0284FB84201D1072732
:101F600000E0082707FA08F72743CCF80878DAF8E2
:101F700000405746D1F804C09C435FEACC2C00D502
:101F80001C433C60DBF800405F46D1F804C09C4332
:101F90005FEA8C2C00D51C433C60DEF8004077469D
:101FA000D1F804C09C435FEA8C3C00D51C433C60E4
:101FB000084F083F3C68D1F804C09C435FEACC3C22
:101FC00000D51C433C60521C102AFFF42FAFBDE823
:101FD000F88F0000083C01404438024000300140C6
:101FE000000002400004024000080240000C0240D1
:101FF000001002400014024000180240001C024081
:102000000148806870470000000000200248816895
:102010000278114481607047000000200B4810B521
:10202000016841F400710160016841F48061016060
:10203000016841F480710160032000F06FF80F2007
:1020400000F006F800F024F8002010BD003C02402B
:1020500070B50D4D04464FF47A712878B1FBF0F05D
:102060000A490968B1FBF0F000F0F6FE48B9102CFF
:1020700007D200222146501E00F030F800206C608C
:1020800070BD012070BD0000000000200C00002089
:102090000A4808B5016841F480410160006800F415
:1020A000804000900548001F016841F080510160A8
:1020B000006800F08050009008BD000044380240E5
:1020C000002809DB00F01F02012191404009800037
:1020D00000F1E020C0F8001170470000F0B40E4B92
:1020E0001B680C46C3F30223C3F10705042D00D976
:1020F0000425191D072901D2002300E0DB1E01265B
:1021000006FA05F1491E214099409E40761E164070
:102110003143F0BC03F0FABC0CED00E0064900F0DE
:10212000070208684FF6FF03184040EA0220034AFE
:1021300010430860704700000CED00E00000FA0555
:102140002DE9F0470E46050065D0DFF81481D8F878
:102150000000F7B200F00700B04207D288F8007024
:10216000D8F8000000F00700B04254D128683D4C78
:10217000810712D5400703D5206840F4E050206065
:102180002878000703D5206840F46040206020686C
:10219000A96820F0F000084320602878C0072DD0FF
:1021A000304968680839012812D0022813D0032862
:1021B00011D00968890700292DDA216821F003016F
:1021C00001432160FFF71CFF814641F2883A0EE08F
:1021D00009688903EFE709688901ECE7FFF710FF59
:1021E000A0EB0901514502D90320BDE8F087206822
:1021F000696800F00C00B0EB810FEFD1D8F8001047
:10220000404601F00701B14207D90770006800F0AD
:102210000700B04201D00120E7E72878400705D544
:102220002068E96820F4E05008432060287800071F
:1022300006D52068296920F4604040EAC10020608A
:1022400000F038F82168084AC1F30311515CC84016
:102250000649086006480068FFF7FAFE0020C4E758
:10226000003C02400838024020C800080C00002052
:10227000040000200448054900680968044AC1F3C5
:102280008221515CC84070470C0000200838024091
:1022900030C800080448054900680968044AC1F3C9
:1022A0004231515CC84070470C00002008380240A1
:1022B00030C80008154810B5006810F00C0214482A
:1022C00013D04110042A0FD0082A0ED10F4C241F1E
:1022D0002268236802F03F025B0207D52068C0F342
:1022E0008810A0FB010106E0084610BD2168C1F37B
:1022F0008811A1FB00010023FDF76CFF2168C1F3E9
:102300000141491C4900B0FBF1F010BD0838024002
:102310000024F4002DE9F84F04006ED02078DFF897
:102320004C93C007A9F104054AD009F104000168E3
:10233000C1F38101012908D00068C0F3810002289F
:102340000AD1D9F80000400206D52868800337D5A5
:1023500060680028E1D033E06068B0F5803F10D0BD
:10236000B0F5A02F286810D020F4803028602868AD
:1023700020F4802028606068A8B1FFF741FE06467F
:102380000DE0286840F48030F4E740F480202860B5
:10239000F7E700BFFFF734FE801B642873D8286876
:1023A0008003F7D50CE0FFF72BFE064605E000BFE3
:1023B000FFF726FE801B6428F0D828688003F7D436
:1023C0002078DFF8AC8280074FF0000A3ED5A7489E
:1023D000001D016811F00C0F08D00068C0F38100E7
:1023E00002280BD1D9F80000400207D428688007E2
:1023F00016D5E068012800D112E033E1E068B8B1F9
:102400000120C8F80000FFF7FBFD064605E000BF0D
:10241000FFF7F6FD801B0228C0D828688007F7D593
:102420002868216920F0F80040EAC10028600DE02A
:10243000C8F800A0FFF7E4FD064604E0FFF7E0FD62
:10244000801B02281FD828688007F7D4207800074F
:1024500022D5864F87486169703771B101210160CB
:10246000FFF7CEFD064604E0FFF7CAFD801B0228F9
:1024700009D838688007F7D50EE0C0F800A0FFF74C
:10248000BFFD064605E082E0FFF7BAFD801B02288B
:102490007DD838688007F7D42078400768D5DFF802
:1024A000CCB100270BF13C0BDBF80000C0000BD4D3
:1024B000DBF8001041F08051CBF80010DBF8000091
:1024C000012700F0805000906B4E3068C00510D49A
:1024D000306840F480703060FFF792FD009005E0B6
:1024E000FFF78EFD0099401A022850D83068C005C9
:1024F000F6D55E4EA0686C3601280FD005283068EE
:1025000010D020F001003060306820F0040030600E
:10251000A068B8B1FFF774FD00900FE0306840F09C
:102520000100F4E740F004003060F7E7FFF768FDD2
:102530000099411A41F28830814266D8306880079C
:10254000F4D50EE0FFF75CFD009007E0FFF758FDC3
:102550000099411A41F28830814256D8306880078C
:10256000F4D42FB1DBF8001021F08051CBF800102B
:10257000A069C8B33D49091D0968C1F38101022959
:102580004AD00228504607D0C8F8600000E03CE07E
:10259000FFF736FD04463BE04746C8F86000FFF70A
:1025A0002FFD064605E000BFFFF72AFD801B02282D
:1025B0002BD828688001F7D4D4E907010843A16A21
:1025C0002E4A490802EB0141626A41EA821108433E
:1025D00094F82C1040EA0161C9F800100120386617
:1025E000FFF70EFD044606E03EE000BFFFF708FDE2
:1025F000001B022809D828688001F7D534E000BF05
:10260000FFF7FEFC001B022802D90320BDE8F88F6B
:1026100028688001F4D427E00128F7D0D9F8000019
:10262000E26900F4800191421CD1226A00F03F016E
:10263000914217D147F6C071626A0140B1EB821F27
:1026400010D1A26A4FF0FF3300F4403103EB520285
:10265000B1EB024F06D194F82C1000F07060B0EB93
:10266000016F01D00120D1E70020CFE704380240FC
:1026700000004742800E4742007000400000FFFF0C
:102680002DE9FE430446002603200D4684F834005D
:10269000606C03285ED0B5F5805F5BD04FF40067B7
:1026A00000204FF08068BD421FD18146009001900C
:1026B0000021206801F049FE800113D469462046BC
:1026C00002F080F907000DD10198400334D5B4F829
:1026D00050000104206801F069FE070002D10221C8
:1026E000206823E0A06B384328E01DB1A06B40F0C8
:1026F000006023E08146009001900021206801F0F5
:1027000024FE8001EED46946204602F05BF9070002
:10271000E8D10198C0030FD5B4F850000104206837
:1027200001F044FE0700DDD10021206801F08BFE9E
:102730000700D7D14F46D5E74746D3E7A063A06B44
:10274000144F4FF0010848B12068876384F8348043
:1027500001260EE0A06B40F08050EFE7211DD4E988
:10276000050C0EC9CDE90050CDF808C0206801F075
:10277000EFFD4FF40071206801F04CFE28B1216894
:102780008F63A16B0143A163012684F83480304636
:10279000BDE8FE83FF054000F0B5426E920F0A705F
:1027A000426EC2F383624A70426EC2F301628A7063
:1027B000426E120CCA70B0F86420120A0A7190F8C6
:1027C00064204A71826E120DCA80826EC2F3034287
:1027D0000A72B0F86820C2F3C0324A72B0F86820BA
:1027E000C2F380328A72B0F86820C2F34032CA72F3
:1027F000B0F86820C2F300320A7300264E73426CB0
:102800004FF40075012462B1012A3AD002684749A9
:102810009163816B41F08051816380F834400120E5
:10282000F0BDB0F86820C36E9205120D42EA9372B3
:102830000A61C26EC2F3C2620A75C26EC2F302625C
:102840004A75C26EC2F342528A75C26EC2F38242A8
:10285000CA75C26EC2F3C2320A760A69521C426558
:102860000B7E03F007039B1C9A4042650B7A03F032
:102870000F0704FA07F383655B0A5A43C0E917257B
:102880000EE090F86820C36E9206920A42EA134264
:102890000A610A69521C92024265C0E91652056635
:1028A00030F86C2FC2F3803201F8192F0288C2F37E
:1028B000C6124A70027802F07F028A704268D20F14
:1028C000CA704268C2F341720A714268C2F38262FE
:1028D0004A714268C2F383528A714268C2F340521D
:1028E000CA710E724268C2F300424A728288C2F311
:1028F000C0328A728288C2F38032CA728288C2F37E
:1029000040320A738288C2F300324A738288C2F36B
:1029100081228A738288C2F30122CA730079C0F3CC
:10292000460008744C740020F0BD0000FF05400014
:10293000426C0A60826C4A60C26C8A60026DCA6036
:10294000426D0A61826D4A61C26D8A61006EC86122
:102950000020704770B50446B0F85000002501040F
:10296000206801F058FE18B1A16B0143A16304E097
:102970000021206801F0E9FC0546C5F3432070BD45
:1029800070B504000ED094F83400002518B92577EE
:10299000204600F04FF8032084F83400204600F071
:1029A0000BF808B1012070BDA5632563012084F8F0
:1029B0003400002070BD0000FEB5002504467620DE
:1029C0000095CDE9015029460B460A46206801F0E2
:1029D000BFFC48BB154E46F8A05F206801F0CAFC5A
:1029E000012535600220FFF757F9204602F0D2F8A2
:1029F00030B100BF84F83450A16B0143A16313E0F0
:102A0000204602F04FF80028F4D14FF400712068FE
:102A100001F000FD002808D0226805499163A16BF0
:102A20000143A16384F834500120FEBD008025429B
:102A3000FF054000F0B587B0044614216846FDF755
:102A400035FC1D492068884233D11C4800240168A8
:102A500041F400610160006800F4006005901748CF
:102A60001438016841F004010160016801F00401BB
:102A70000591016841F0080101600068022500F03D
:102A8000080005904FF4F850CDE9000502AA03268E
:102A90000C2782E8D00069460948FFF7B9F90420FD
:102AA000CDE9000502AA694682E8D0000548FFF793
:102AB000AFF907B0F0BD0000002C014044380240DF
:102AC00000080240000C02402DE9F04F87B09B4601
:102AD00016460D460446FFF793FA00903DB194F870
:102AE0003400012807D0A06B40F000500DE0A06B2F
:102AF00040F0006009E00020A063E26D06EB0B01EE
:102B0000914204D9A06B40F00070A0638AE00321D9
:102B100084F834102168C862616C012900D0760203
:102B20004FF0FF3101914FEA4B2102914FF0010824
:102B300003AA902102278146CDF8188082E88202FC
:102B400001A9206801F0EBFBBBF1010F05D9276358
:102B50003146206801F0D0FC05E0C4F830803146F1
:102B6000206801F0E2FCDFF83CA130B12268C2F835
:102B700038A0A16B0143A16350E0029E1FE0406BAF
:102B8000000413D596B10027206801F0F7FB05F883
:102B9000010B010A05F8011B010C05F8021B000ED0
:102BA000361F7F1C05F8010C082FEDD3FFF728FA1C
:102BB00001460098091A1098814220D2F8B1206885
:102BC000426B40F22A310A42D9D0416BC90509D57E
:102BD000BBF1010F06D9616C032903D001F04CFD54
:102BE0000028C3D12068416B090702D4416B8905D5
:102BF0001AD5C0F838A0A06B40F0080050E021685A
:102C0000C1F838A0A06B40F00040A06384F8348085
:102C1000C4F83090032007B0BDE8F08F84F834800A
:102C2000C4F830900120F6E7416B890705D5C0F85C
:102C300038A0A06B40F0020032E0416B89061BD542
:102C4000C0F838A0A06B40F0200029E001F096FB0E
:102C500005F8010B010A05F8011B010C05F8021B20
:102C6000000E05F8010C361FFFF7CAF90099411A4A
:102C7000109881420ED268B12068416B890201D55B
:102C8000002EE3D1216840F23A50886384F8348002
:102C90000020C0E72168C1F838A0A06B40F00040D8
:102CA000A063BBE7FF0540002DE9F04F8DB09B46C8
:102CB00016460D460446FFF7A3F90A903DB194F875
:102CC0003400012807D0A06B40F000500DE0A06B4D
:102CD00040F0006009E00020A063E26D06EB0B010C
:102CE000914204D9A06B40F00070A0637AE0032108
:102CF00084F834102168C862616C012900D0760222
:102D00004FF0FF3103914FEA4B2104919021CDE91F
:102D100005104FF00109CDE90709824603A9206893
:102D200001F0FDFABBF1010F06D9202020633146E6
:102D3000206801F0BBFC05E01020206331462068CC
:102D400001F0CDFC5FEA000806D0216841488863A5
:102D5000A06B40EA080074E0049E27E0406B40044A
:102D60001CD5DEB15FF0000715F8010B009015F8D7
:102D7000011B361F40EA0120009015F8021B40EAB3
:102D80000140009015F8011C40EA0160009069467E
:102D9000206801F006FB7F1C082FE5D3FFF730F910
:102DA0000A99411A1698814220D2F8B12068416BE5
:102DB00040F21A321142D1D0416BC90523D5BBF183
:102DC000010F20D9616C03291DD001F055FCD0B151
:102DD000226820499163A16B0143A16384F8349078
:102DE000C4F830A001200DB0BDE8F08F216819486B
:102DF0008863A06B40EA0800A06384F83490C4F8AC
:102E000030A00320EFE72068416B090702D4416B33
:102E1000890505D50F498163A06B40F0080010E0DB
:102E2000416B890705D50B498163A06B40F0020017
:102E300007E0416BC90606D506498163A06B40F0E7
:102E40001000A063CAE740F23A51816384F83490DD
:102E50000020C8E7FF05400010B5401EB0F1807F9C
:102E600001D3012010BD4FF0E02460610F216017F5
:102E700002F04CFE0020A06107202061002010BD60
:102E800070477047F8B5016804460868CA684B691E
:102E900010F00F0F4FF0000559D003F0010602F4B7
:102EA0009077374365D0C10705D0D10503D5616C54
:102EB00041F001016164410705D5D90703D0616C78
:102EC00041F002016164810705D5D90703D0616C27
:102ED00041F004016164010707D502F0200131438C
:102EE00003D0616C41F008016164616C00293AD043
:102EF000800604D5900602D5204602F07AFA2068B2
:102F00004069616CC0F38010090700D460B32046AB
:102F100002F048FA20684069400621D52068143044
:102F200050E8001F21F0400140E80012002AF5D1CE
:102F3000E06BA8B16E490165E06BFEF79AFE0028D0
:102F400011D0E06B016D01B0BDE8F0400847830689
:102F50000FD593060DD52046BDE8F84002F049BADA
:102F60002046FFF78EFFF8BD2046FFF78AFF656415
:102F7000F8BD266B2023012E7DD1C6067BD5D60653
:102F800079D508684868009048694FF00206400605
:102F900041D5E16B086840680004000CE8D0A28DC0
:102FA0008242E5D9E085C869B0F5807F2DD02068E0
:102FB0000C3050E8001F21F4807140E80012002A14
:102FC000F5D12068143050E8001F21F0010140E8DD
:102FD0000012002AF5D12068143050E8001F21F0BB
:102FE000400140E80012002AF5D184F84230256300
:102FF00020680C3050E8001F21F0100140E800125A
:10300000002AF5D1E06BFEF7EBFD6663A08DE18D44
:10301000401A81B22AE0A08DE18D401A81B2E08D84
:103020000028A5D00029A3D022680C3252E8000F56
:1030300020F4907042E80007002FF5D1206814308A
:1030400050E8002F22F0010240E80027002FF5D1C0
:1030500084F84230256320680C3050E8002F22F0BD
:10306000100240E80023002BF5D166632046FFF7ED
:1030700007FFF8BDFFE705062BD5150629D594F8FF
:1030800041002128F5D1A068B0F5805F01D1206909
:10309000B0B1206A411C2162216800784860E08C50
:1030A000401E0004000CE084E3D12068C16821F0D8
:1030B0008001C1602068C16841F04001C160D8E76B
:1030C000206A0088C0F308004860206A801C2062E3
:1030D000E5E74006CDD55006CBD5CA68204622F09C
:1030E0004002CA6084F8413000F015F9C1E70000E1
:1030F0009553000870B5040004D094F841000025F1
:1031000010B106E0012070BD84F84050204600F068
:1031100023F8242084F841002068C16821F400517C
:10312000C160204602F0C6F92068016921F490418F
:1031300001612068416921F02A0141612068C1686C
:1031400041F40051C1606564202084F8410084F896
:1031500042006563002070BD10B586B0044614219E
:103160006846FDF7A3F814492068884221D1134826
:103170000021026842F010020260006800F01000B6
:1031800005900E481438026842F00102026000689F
:1031900000F0010005904FF4C06000900220CDE9DE
:1031A0000101032003900720049069460448FEF7BC
:1031B0002FFE06B010BD0000001001404438024050
:1031C000000002402DE9F84F044690F842009A466C
:1031D00016460D46202802D00220BDE8F88FB5B172
:1031E000AEB100206064222184F842102063FEF713
:1031F00007FFA6858146E685A0684FF48058202702
:10320000404501D1206920B12E46002529E001204A
:10321000E3E7002625E04B46002220212046CDF89A
:1032200000A002F0CDF918B184F842700320D4E771
:1032300026B1A06840451AD038B108E0206840683F
:10324000C0F3080025F8020B08E0206978B1206877
:10325000406800F07F0000BF06F8010BE08D401EC3
:10326000E085E08D0028D6D184F84270B5E720686B
:103270004068F1E770472DE9F843044690F84100B3
:10328000984616460D46202802D00220BDE8F88355
:1032900085B17EB100206064212084F84100FEF7F2
:1032A000AFFEA6848146E684A0682027B0F5805F43
:1032B00002D003E00120E9E7206910B12E46002585
:1032C0000EE000260CE08021204602F079F9A8B932
:1032D000C6B116F8010B21684860E08C401EE084FE
:1032E000E08C4B464FF00002CDF800800028EAD178
:1032F0004FF04001204602F063F940B184F841707C
:103300000320C3E735F8020BC0F30800E3E784F8B5
:1033100041700020BAE77047FEE7000010B504498D
:103320000448FEF72DFB0249491E087010BD00003D
:10333000F206002068C80008114808B5016841F08D
:1033400080010160016801F080010091016841F095
:1033500004010160016801F004010091016841F07D
:1033600001010160016801F001010091016841F073
:1033700008010160006800F00800009008BD00002E
:1033800030380240064805490160002141608160F3
:10339000C16001614161162181617047002C0140CB
:1033A000100700200C4810B50A4901604FF4E131C4
:1033B0004160002181600C22C160C0E9041281617A
:1033C000C161FFF797FE08B1FEF7D8FABDE81040DB
:1033D00001F004BE001001409C080020FEE7000040
:1033E00002490A681206FCD5486070470010014087
:1033F00000B5034603E000BFFFF7F2FF5B1C18783F
:103400000028F9D100BDFEE72DE9F041ADF55C7D66
:103410004FF4007739466846FCF748FF002557A06F
:1034200002F01EFB4FF4FA6842465FA15FA001F074
:1034300053FF002825D001F08DFE01466BA002F05D
:103440000FFB6CA002F00CFB01F07EFE5FF00006AB
:1034500001F086FE00286ED001F082FE044601F0E5
:1034600079FE01466DA002F0FBFABC4212D201F0D7
:1034700071FE014622466846FCF7F1FE0DF8046035
:1034800016E06CA002F0ECFA4FF0FF300DF55C7D19
:10349000BDE8F08101F05EFE014640F2FF12684691
:1034A000FCF7DDFE8DF8FF6121466DA002F0D8FA31
:1034B00075A16846FCF705FF01003AD080A800F02E
:1034C0006DFD9DF86403002830D070A180A8FCF742
:1034D00027FF002820DD6FA002F0C2FA79A20021A8
:1034E0007CA000F08DFE80A800F01CFA40B17BA00B
:1034F00002F0B6FA80A2002183A000F081FE0EE067
:1035000083A002F0ADFA8AA264218BA000F078FEBD
:1035100080A800F07FF902E089A002F0A1FA4246FB
:1035200021A190A001F0D8FE0020AFE79DA002F0FD
:1035300097FA01F009FEA549DAA807F0B7FC70B1C7
:103540006D1CB5F5967F15D9A1A002F089FA424607
:1035500015A184A001F0C0FE6FF0030096E7A7A0BC
:1035600002F07EFA424610A17EA001F0B5FE6FF097
:1035700002008BE76420FEF78FFB69E752657175E7
:10358000657374696E67206669726D776172652014
:1035900075706461746520696E666F726D617469BF
:1035A0006F6E2E2E2E0D0A004F4B000041542B51F2
:1035B0004D545355423D302C312C222F6F74612FC6
:1035C0006465766963652F757067726164652F6BDA
:1035D000316D67344E62653868752F426F6F744C79
:1035E0006F61646572222C300D0A000025730D0A8C
:1035F00000000000526571756573742073656E7408
:103600002E2057616974696E6720666F722072653B
:1036100073706F6E73652E2E2E0D0A000A0D2049F1
:103620006E7465726E2072656365697665202573B8
:103630000D0A00004661696C656420746F20737523
:103640006273637269626520746F204F5441207504
:1036500070677261646520746F706963210D0A0080
:103660005761726E696E673A2044617461207472AA
:10367000756E6361746564202825642062797465C1
:1036800073290D0A000000007B000000312E302E4F
:10369000300000004E6577206669726D7761726553
:1036A00020617661696C61626C652E205374617271
:1036B00074696E6720757067726164652E2E2E0DB9
:1036C0000A0000007374617274207570677261641F
:1036D0006500000075706772616465004669726D0F
:1036E0007761726520646F776E6C6F6164206661CC
:1036F000696C65640D0A0000646F776E6C6F6164BD
:10370000206572726F7200006661696C656400000A
:103710004669726D7761726520646F776E6C6F6158
:1037200064207375636365737366756C0D0A0000BE
:103730007375636365737300646F6E6500000000EA
:1037400043757272656E74206669726D7761726519
:103750002069732075702D746F2D646174650D0A76
:103760000000000041542B514D54554E533D302C18
:10377000312C222F6F74612F6465766963652F7514
:103780007067726164652F6B316D67344E626538A6
:1037900068752F426F6F744C6F61646572220D0AF9
:1037A000000000004572726F723A20496E76616CBB
:1037B0006964206669726D7761726520696E666FF3
:1037C000726D6174696F6E0D0A000000940700202D
:1037D00054696D656F75742077616974696E6720CF
:1037E000666F72206669726D7761726520696E66B8
:1037F0006F726D6174696F6E0D0A00000D0A55736A
:10380000657220696E7465727275707465640D0AF4
:103810000000000010B50446A2B01A208DF8800008
:1038200022460EA1684602F02BF94FF47A7215A1D8
:1038300015A001F051FD60B1684601F08FFD012136
:1038400020A801F069FD21461FA002F009F922B06D
:1038500010BD29A002F004F9F9E700007B22696499
:10386000223A2231323334222C22706172616D731C
:10387000223A7B2276657273696F6E223A22257333
:10388000227D7D003E00000041542B514D54505587
:10389000423D302C302C302C302C222F6F74612F75
:1038A0006465766963652F696E666F726D2F6B3123
:1038B0006D67344E62653868752F426F6F744C6F58
:1038C00061646572220D0A005375636365737366E4
:1038D000756C6C79207265706F72746564206669AE
:1038E000726D776172652076657273696F6E3A20CA
:1038F00025730D0A000000004572726F723A20466F
:1039000061696C656420746F2073746172742070D7
:1039100075626C697368696E672076657273696F2A
:103920006E0D0A00F0B5A1B0044680216846FCF790
:10393000BDFC04F120000746FCF7EBFC05464FF008
:10394000FF3658A002F08CF8214660A002F088F8FB
:1039500064A0D4F8201102F083F867A002F080F888
:103960006DA002F07DF82A4675A1684602F088F83D
:103970004FF4FA6277A1684601F0AEFC00284CD003
:1039800076A002F06DF8384601F0E8FC4EA001F098
:10399000E5FC4FF4FA70FEF77FF975A002F060F8CD
:1039A0007AA16846D4F8202102F06AF842F2107237
:1039B00069467CA001F090FC002834D07EA002F083
:1039C0004FF801F0C1FB04F0A1FD84A001F0C6FC9A
:1039D0004FF47A742046FEF75FF901F0BBFB014615
:1039E00089A002F03DF801F0AFFB8DA001F0B6FC1C
:1039F0002046FEF751F901F0ADFB054601F0B0FBA2
:103A0000A0F11B042819FF221B21FCF748FC2146CA
:103A10008BA002F025F8002617E08FA002F020F816
:103A2000304621B0F0BD94A002F01AF86FF001000A
:103A3000F7E7A95D9AA002F013F8F006B0F1784F0D
:103A400002D121A002F00CF8761CA642F1D3214647
:103A500095A002F005F89CA002F002F8FEF7C2F96A
:103A6000E41CA708A54E002413E000BF55F824204D
:103A7000002331460220FEF777F940B13146A0A07D
:103A800001F0EEFFFEF766F96FF00300C9E7641C72
:103A9000361DBC42EAD3FEF75DF9A5A001F0E0FFB8
:103AA0000020BEE70D0A3D3D3D3D3D3D20446F7782
:103AB0006E6C6F6164696E67204669726D776172C2
:103AC00065203D3D3D3D3D3D0D0A0000546172675E
:103AD00065742076657273696F6E3A2025730D0ADE
:103AE0000000000053697A653A20256C75206279E0
:103AF0007465730D0A000000446F776E6C6F61642B
:103B000020616464726573733A20307830383034E1
:103B1000303030300D0A00003D3D3D3D3D3D3D3DE6
:103B20003D3D3D3D3D3D3D3D3D3D3D3D3D3D3D3DC5
:103B30003D3D3D3D3D3D3D3D0D0A0D0A000000006F
:103B400041542B514854545055524C3D25642C3807
:103B5000300D0A00434F4E4E4543540053656E648A
:103B6000696E672055524C2E2E2E0D0A0000000063
:103B70005374617274696E67204854545020646FA6
:103B8000776E6C6F61642E2E2E0D0A002B514854F7
:103B900054504745543A20302C3230302C256C7527
:103BA0000D0A000041542B51485454504745543D90
:103BB00038300D0A0000000052656164696E6720AC
:103BC0006669726D77617265206461746120746FDB
:103BD0002066696C652E2E2E0D0A000041542B5173
:103BE000485454505245414446494C453D2255465F
:103BF000533A6669726D776172652E62696E222C26
:103C000038300D0A00000000446F776E6C6F6164FD
:103C100020726573756C743A2025730D0A000000DC
:103C200041542B514644574C3D225546533A666900
:103C3000726D776172652E62696E220D0A00000056
:103C4000526563656976656420256C7520627974B8
:103C500065730D0A000000004572726F723A2046CB
:103C600061696C656420746F2073657420485454D6
:103C7000502055524C0D0A004572726F723A204620
:103C800061696C656420746F20646F776E6C6F611E
:103C900064206669726D776172650D0A000000002C
:103CA00025303258200000005265636569766564EE
:103CB00020256C75206279746573206F66206461BD
:103CC00074610D0A0000000057726974696E672004
:103CD0006669726D7761726520746F20466C6173DE
:103CE00068206164647265737320307830383034D2
:103CF000303030302E2E2E0D0A0000000000040857
:103D00004572726F723A20466C61736820777269EF
:103D10007465206661696C65642061742061646407
:103D2000726573732030782530386C58210D0A0085
:103D30004669726D7761726520737563636573732D
:103D400066756C6C79207772697474656E20746F17
:103D500020466C617368210D0A00000038B5002010
:103D60008DF800004FF4FA7425A001F079FE30A020
:103D700001F076FE36A001F073FE3DA001F070FE6A
:103D800042A001F06DFE46A001F06AFE50A001F0D5
:103D900067FE5549684607F089F80028F9D19DF873
:103DA000001052A001F05CFE9DF80000303823D0D6
:103DB00001280AD002280CD003280DD04DA001F014
:103DC0004FFE2046FDF768FFCEE753A0FFF722FD28
:103DD000F7E7FFF719FBF4E751A001F041FE4FF4BC
:103DE000FA6257A157A001F077FA5AA001F038FE05
:103DF00041F28830FDF750FF63A001F031FE38BD7D
:103E00000D0A3D3D3D3D3D3D3D3D3D3D3D3D3D3D45
:103E10003D3D204F5441204D656E75203D3D3D3D5B
:103E20003D3D3D3D3D3D3D3D3D3D3D3D0D0A00009F
:103E3000312E205265706F7274204669726D776101
:103E400072652056657273696F6E0D0A000000007E
:103E5000322E20436865636B20666F72204669725C
:103E60006D7761726520557064617465730D0A0029
:103E7000332E20526573746172742045433830309C
:103E80004D204D6F64756C650D0A0000302E204585
:103E9000786974204F5441204D656E750D0A0000FD
:103EA0003D3D3D3D3D3D3D3D3D3D3D3D3D3D3D3D42
:103EB0003D3D3D3D3D3D3D3D3D3D3D3D3D3D3D3D32
:103EC0003D3D3D3D3D3D3D3D3D3D0D0A0000000079
:103ED00053656C6563742066756E6374696F6E20DC
:103EE00028302D33293A20009407002025630D0A3D
:103EF00000000000496E76616C69642063686F6938
:103F000063652C20706C6561736520747279206123
:103F10006761696E0D0A0000312E302E30000000FE
:103F200052657374617274696E672045433830302E
:103F30004D206D6F64756C652E2E2E0D0A000000ED
:103F40004F4B000041542B4346554E3D312C310D13
:103F50000A0000005265737461727420636F6D6DA6
:103F6000616E642073656E742E204D6F64756C6590
:103F70002077696C6C207265626F6F742073686F54
:103F800072746C792E0D0A0045786974696E672029
:103F90004F5441206D656E750D0A00002DE9F34FF9
:103FA000DBB00C464FF4B47B59466846FCF77EF90B
:103FB00000208DF86401002C43D038A12046FCF786
:103FC00080F900283FD003F09FF95FEA00083ED057
:103FD00033A103F07DF9044633A103F079F90746D4
:103FE00033A1204603F074F9064632A1204603F0BF
:103FF0006FF9054631A1204603F06AF904460DF138
:10400000200A0DF59279002F23D0002E21D0002D0B
:104010001FD0002C1DD01F2268463969FCF763F9B8
:10402000FF2250463169FCF75EF9686948903F22EB
:1040300048462169FCF757F901208DF8640120A05A
:1040400008E028A000E02FA001F00AFD1DE034A048
:10405000FAE73BA001F004FD46A001F001FD69462E
:104060004EA001F0FDFC514650A001F0F9FC52A019
:10407000489901F0F5FC494654A001F0F1FC56A026
:1040800001F0EEFC404603F0FFF85A4669465B98A3
:10409000FCF7E5F85DB0BDE8F08F00007B000000A4
:1040A000646174610000000076657273696F6E0070
:1040B00075726C0073697A65000000006D643500EC
:1040C0004669726D7761726520696E666F207061F6
:1040D00072736564207375636365737366756C6C66
:1040E000790D0A004572726F723A204A534F4E2082
:1040F000737472696E67206973204E554C4C0D0ABB
:10410000000000004572726F723A204E6F204A53D1
:104110004F4E206461746120666F756E640D0A00F5
:104120004572726F723A204661696C656420746FE3
:10413000207061727365204A534F4E0D0A000000D3
:104140004572726F723A204D697373696E6720729F
:1041500065717569726564206669656C6473206950
:104160006E206669726D7761726520696E666F0D8B
:104170000A0000000D0A3D3D3D3D3D3D204669726F
:104180006D7761726520496E666F726D6174696FDB
:104190006E203D3D3D3D3D3D0D0A0000566572736C
:1041A000696F6E3A2025730D0A00000055524C3A93
:1041B0002025730D0A00000053697A653A20256CAA
:1041C000752062797465730D0A0000004D44353A1C
:1041D0002025730D0A0000003D3D3D3D3D3D3D3D28
:1041E0003D3D3D3D3D3D3D3D3D3D3D3D3D3D3D3DFF
:1041F0003D3D3D3D3D3D3D3D0D0A0D0A00000000A9
:1042000070B5C2B00D46064614464FF4807101A841
:10421000FCF74CF81A208DF804015CB12046FCF73D
:1042200078F838B123463246154901A8009501F0C7
:1042300027FC05E02B46324612A101A801F020FC24
:104240002A4631461EA001F00BFC4FF47A7228A1D9
:10425000284801F041F868B101A801F07FF8012178
:1042600041A801F059F84FF4FA70FDF715FD002050
:1042700042B070BD20A001F0F3FB4FF0FF30F7E734
:1042800020CE00087B226964223A22313233342264
:104290002C22636F6465223A3230302C22646174C0
:1042A00061223A7B2273746570223A222573222C94
:1042B0002270726F6772657373223A25647D7D0088
:1042C0005265706F7274696E672070726F67726585
:1042D00073733A20737465703D25732C2070726F70
:1042E00067726573733D256425250D0A0000000083
:1042F0003E000000DCCD00084572726F723A204625
:1043000061696C656420746F207075626C69736894
:104310002070726F67726573730D0A0070470A68C8
:1043200042624A688262D1E902231A43D1E9043128
:104330000B43C16A1A4321F0F7011143C162002007
:104340007047006800F003007047084440697047F8
:1043500070B50DF1100C11439CE870002343194314
:1043600029434268314347F6FF639A430A43426058
:10437000002070BD0321016000207047D0F880004C
:1043800070470A688260D1E901231A43D1E90331F9
:104390000B43C1681A436FF30B011143C160002046
:1043A00070470968C0F880100020704710B585B0CC
:1043B00004463720CDE900104020029000200390F1
:1043C0004FF48060049069462046FFF7DAFF41F21F
:1043D00088323721204600F09BF905B010BD00005F
:1043E00010B504460A4885B001432920CDE90010E4
:1043F00040200290002003904FF4806004906946B2
:104400002046FFF7BEFF204600F03AFA05B010BD87
:104410000000108010B585B004461020CDE90010D2
:1044200040200290002003904FF480600490694681
:104430002046FFF7A6FF41F288321021204600F007
:1044400067F905B010BD10B585B004460620CDE96A
:10445000001040200290002003904FF480600490F0
:1044600069462046FFF78DFF41F28832062120463B
:1044700000F04EF905B010BD30B585B000240546FA
:10448000009401944FF480600294CDE903406946A2
:104490002846FFF776FF0B484FF4FA510068B0FB4F
:1044A000F1F041F288314843401E03D24FF0004002
:1044B00005B030BD696B0906F6D5C520A863204656
:1044C000F6E700000C00002010B585B004464FF45C
:1044D000D5700090082001904020029000200390A9
:1044E0004FF48060049069462046FFF74AFF20465B
:1044F00000F02CFA05B010BD10B585B004461220AE
:10450000CDE9001040200290002003904FF480601D
:10451000049069462046FFF734FF41F288321221A9
:10452000204600F0F5F805B010BD10B585B0044682
:104530001120CDE9001040200290002003904FF49C
:104540008060049069462046FFF71BFF41F28832E5
:104550001121204600F0DCF805B010BD10B585B083
:1045600004460720CDE9002040200290002003905F
:104570004FF48060049069462046FFF702FF41F245
:1045800088320721204600F0C3F805B010BD10B5F1
:1045900085B0044600210220CDE90010C020CDE9FD
:1045A00002014FF48060049069462046FFF7E9FE5F
:1045B000204600F03DF905B010BD10B585B00446A9
:1045C0000920CDE90010C0200290002003904FF494
:1045D0008060049069462046FFF7D3FE204600F035
:1045E00027F905B010BD10B585B004460021332071
:1045F000CDE900104020CDE9020100010490694698
:104600002046FFF7BEFE41F288323321204600F0FB
:104610007FF805B010BD10B585B004460D20CDE97A
:10462000001040200290002003904FF4806004901E
:1046300069462046FFF7A5FE41F288320D2120464B
:1046400000F066F805B010BD30B585B00C460546E3
:1046500000210320CDE900104020CDE90201000136
:10466000049069462846FFF78CFE2246032128461F
:1046700000F028F905B030BD10B585B00446002122
:104680000C20CDE900104020CDE90201000104908A
:1046900069462046FFF775FE034A0C21204600F0CC
:1046A00037F805B010BD000000E1F50510B585B084
:1046B00004461920CDE9001040200290002003900C
:1046C0004FF48060049069462046FFF75AFE41F29D
:1046D00088321921204600F01BF805B010BD10B536
:1046E00085B004461820CDE900104020029000203B
:1046F00003904FF48060049069462046FFF741FE26
:1047000041F288321821204600F002F805B010BDB1
:10471000454B10B51B684FF4FA54B3FBF4F3534305
:104720005B1E02D24FF0004010BD426B12F0450FED
:10473000F6D01205F4D4426B520703D504218163ED
:10474000084610BD426BD20702D00121816305E00B
:10475000C52282630269D2B28A4201D0012010BD13
:104760000021FFF7F2FD3149084201D1002010BDC0
:10477000002802DA4FF0007010BD410001D5402042
:1047800010BD810001D5802010BDC10002D54FF4BD
:10479000807010BD010102D54FF4007010BD4101C1
:1047A00002D54FF4806010BDC10102D54FF4006006
:1047B00010BD010202D54FF4805010BD410202D558
:1047C0004FF4005010BD810202D54FF4804010BD5F
:1047D000C10202D54FF4004010BD410302D54FF491
:1047E000003010BD810302D54FF4802010BDC103FD
:1047F00002D54FF4002010BD010402D54FF4801003
:1048000010BD410402D54FF4001010BD810402D543
:104810004FF4800010BD000702D54FF4000010BD1A
:104820004FF4803010BD00000C00002008E0FFFDB8
:1048300012494FF4FA520968B1FBF2F141F28832A1
:104840005143491E02D24FF000407047426B12F0B4
:10485000450FF6D01205F4D4416B490703D5042166
:10486000816308467047416BC90703D0012181630A
:1048700008467047C5218163002070470C00002066
:104880000F494FF4FA520968B1FBF2F141F2883254
:104890005143491E02D24FF000407047426B12F064
:1048A000450FF6D01205F4D4416B490703D5042116
:1048B000816308467047C52181630020704700006E
:1048C0000C00002030B5204B4FF4FA541B68B3FBAA
:1048D000F4F341F2883463435B1E02D24FF0004090
:1048E00030BD446B14F0450FF6D02405F4D4436B6F
:1048F0005B0703D504218163084630BD436BDB07AA
:1049000002D00121816303E00369DBB28B4201D055
:10491000012030BDC52181630021FFF716FD10F491
:10492000604F04D0410406D54FF4005030BD000C58
:104930001080002030BD000402D54FF4805030BDFF
:104940004FF4803030BD00000C00002014494FF4BB
:10495000FA520968B1FBF2F141F288325143491E23
:1049600002D24FF000407047426B12F0450FF6D074
:104970001205F4D4416B490703D50421816308462D
:104980007047416BC90703D0012181630846704716
:10499000416B490601D5402181630020704700002A
:1049A0000C00002010B5064C01202070FCF7C2FC62
:1049B00018B9207820F001002070207810BD000088
:1049C000F00600202DE9F04788B00D460446FDF7BB
:1049D00017FB00268246009601963746082120687C
:1049E000FFF718FD00282CD1B4F85000010420680E
:1049F000FFF7DCFC002824D1401E4FF00808CDE969
:104A0000020830204FF00209CDE904090120CDE968
:104A1000067002A92068FFF782FC2068FFF7E3FD1B
:104A200000280ED16F462068416B11F02A0F0BD081
:104A3000416B090702D4416B89051AD5C0F838804B
:104A4000082008B0BDE8F087416B890205D5FFF763
:104A500095FC47F82600761C02E0416B8904E7D5F7
:104A6000FDF7CEFAA0EB0A00401CDCD14FF000406D
:104A7000E7E7416B890703D5C0F838900220E0E7EB
:104A8000416B890603D5202181630846D9E740F2AE
:104A90003A518163019800BA2860009800BA6860B2
:104AA0000020CEE710B590B004460120ADF83800E4
:104AB0002068FFF746FC002854D0606C032842D0E1
:104AC0002068FFF764FD00284AD100212068FFF725
:104AD0003CFC606704212068FFF737FCA0670821D1
:104AE0002068FFF732FCE0670C212068FFF72DFCFF
:104AF000C4F88000606C032825D00EA92068FFF759
:104B0000A3FD00282CD1606C03281CD0BDF8380010
:104B1000206501042068FFF750FD002820D1002106
:104B20002068FFF712FC606604212068FFF70DFC87
:104B3000A06608212068FFF708FCE0660C212068C9
:104B4000FFF703FC206704212068FFF7FEFB000D40
:104B5000E06403A92046FDF71FFE30B14FF08050FE
:104B600010B010BD4FF08060FAE7B4F85000002399
:104B700002042068FFF7F2FC0028F1D104F11000D4
:104B800007C88DE8070094E80F00FFF7E1FB00205D
:104B9000E6E700002DE9F84F00260446009635466A
:104BA000B0460068FFF768FC002827D12068FFF7AF
:104BB0008BFC4FF0805B4FF001094FF6FF7748B157
:104BC000A6642068FFF758FC002817D1A06C0128C4
:104BD00002D020E0C4F8489000212068FFF7E6FBEF
:104BE00058B918E000212068FFF7E0FB002805D144
:104BF00051462068FFF7F4FB10B15846BDE8F88F26
:104C000000212068FFF7A1FB05464FEAD078009805
:104C1000401C009002E0DFF82CA00098B84202D2BD
:104C2000B8F1000FDED00098B84202D34FF0807088
:104C3000E4E7680002D5C4F8449000E06664002010
:104C4000DCE70000000010C170B5064C05460120ED
:104C50002070FCF77BFB18B92846FFF7A3FE2070F5
:104C6000207870BDF006002010B5124888B01446B8
:104C70000078C00702D0032008B010BDC1B10129DF
:104C800005D0022908D003290CD00420F4E7684697
:104C9000FCF74AFB06980AE06846FCF745FB0798D4
:104CA000208005E06846FCF73FFB0798400A20603B
:104CB0000020E1E7F006002070B51D4616460846C4
:104CC0000124A31E2A463146FCF760FB28B900BF29
:104CD000FCF730FB0028FBD10024204670BDFFF715
:104CE00061BE000070B51D46164608460124A31E8D
:104CF0002A463146FCF75AFB28B900BFFCF71AFBDD
:104D00000028FBD10024204670BD7047FDF77EB916
:104D100030B593B030216846FBF7C8FA14210CA8CF
:104D2000FBF7C4FA1D480025016841F0805101607D
:104D3000006800F0805011901948016841F48041EA
:104D400001600068022400F480401190012000906E
:104D5000000401908001CDE9064008AA0420A821A2
:104D600082E813000B906846FDF7D4FA08B172B6DA
:104D7000FEE70CA90F2081E831004FF4A0500F90FE
:104D80004FF48050109005210CA8FDF7D9F90028A8
:104D900001D072B6FEE713B030BD000040380240CB
:104DA0000070004070B5194C2068194A10F00C01D1
:104DB000184804D05510042903D0082903D00260F4
:104DC0001BE0056019E01149091F0B68C3F3805609
:104DD0000B6803F03F0316B1B5FBF3F201E0B2FB41
:104DE000F3F20B680968C3F388135A43C1F3014116
:104DF000491C4900B2FBF1F101602168064AC1F388
:104E00000311515C0268CA40026070BD083802405C
:104E10000024F4000C00002020C8000802480168AB
:104E200041F470010160704788ED00E0F0B506467E
:104E30004A4885B0016841F01001016047481438C4
:104E4000016841F001010160454C0025E560142135
:104E50006846FBF72BFA4FF4C060009002200190E7
:104E600001200290032003900720049069463D48EA
:104E7000FCF7CEFF012211462520FDF72FF9252052
:104E8000FDF71EF9FFF78EFF374F3868400800EE38
:104E9000100A3001B8EE401A00EE100AB8EE400ACF
:104EA000C1EE000ABCEEE00A10EE100A80B200EE7D
:104EB000100AB8EE400A30EEC00AF3EE000A20EE07
:104EC000200ABCEEC00A10EE101A89B241EA0010A6
:104ED000A060E06840F00400E060E06840F0080096
:104EE000E060E06820F48050E0602561206920F4F3
:104EF000405020616561606920F040006061606938
:104F000020F080006061E06820F08000E060E068F0
:104F100040F02000E060E06840F01000E0606FF0DA
:104F2000F0002060E06840F40050E06010480F4955
:104F3000416001F5007181600EA000F091FDFFF766
:104F400031FF1B493868B0FBF1F11AA000F088FD71
:104F50003146214800F084FD05B0F0BD44380240E0
:104F600000100140000002400C000020203500200D
:104F7000F00A00200D0D0D3D3D3D3D3D3D3D3D3DCB
:104F80003D3D202053544D33324634303756452072
:104F9000CDE2C9E820B3F5CABCBBAFB1A8B8E620E2
:104FA0003D3D3D3D3D3D3D3D3D3D3D0D0000000055
:104FB00040420F00CFB5CDB3CAB1D6D3C6B5C2CA31
:104FC0002020202020202020202020202025642098
:104FD0004D487A0D00000000ECCC000810B50948DF
:104FE00005F05EFF0848C16841F02001C160002261
:104FF00001212520FDF772F8BDE810402520FDF7BE
:105000005FB80000940700200010014070B505460D
:10501000464886B0016841F40031016043481038C9
:10502000016841F001010160414C00262660142115
:105030006846FBF73BF90C2000900220019001200C
:105040000290032003900720049069463948FCF73A
:10505000DFFE012211462620FDF740F82620FDF74D
:105060002FF8FFF79FFE34480068800800EE100A12
:105070002801B8EE401A00EE100AB8EE400AC1EE60
:10508000000ABCEEE00A10EE100A80B200EE100A30
:10509000B8EE400A30EEC00AF3EE000A20EE200A15
:1050A000BCEEC00A10EE101A89B241EA0010211FAE
:1050B0000860206840F004002060206840F008008C
:1050C0002060206820F480502060201D0660016868
:1050D00021F440510160021D1660106820F040006C
:1050E0001060106820F080001060206820F08000C0
:1050F0002060206840F020002060206840F0100010
:1051000020600B496FF0F0000C390860206840F413
:10511000005020600A480949416001F50071816032
:105120002946084800F09CFC06B070BD403802409B
:105130000C440040000002400C000020203F0020F2
:10514000000B002030CD0008014900200880704786
:10515000100B00200148406870470000100B002031
:105160000148008870470000100B002070B505460C
:10517000474886B0016841F48021016044481038F6
:10518000016841F002010160424C002626601421B2
:105190006846FBF78BF84FF44060009002200190C6
:1051A00001200290032003900720049069463A48AA
:1051B000FCF72EFE012211462720FCF78FFF272047
:1051C000FCF77EFFFFF7EEFD34480068800800EE34
:1051D000100A2801B8EE401A00EE100AB8EE400A94
:1051E000C1EE000ABCEEE00A10EE100A80B200EE3A
:1051F000100AB8EE400A30EEC00AF3EE000A20EEC4
:10520000200ABCEEC00A10EE101A89B241EA001062
:10521000211F0860206840F004002060206840F0F2
:1052200008002060206820F480502060201D066067
:10523000016821F440510160021D1660106820F0E1
:1052400040001060106820F080001060206820F09E
:1052500080002060206840F020002060206840F03E
:10526000100020600B496FF0F0000C3908602068D6
:1052700040F4005020600B480949416001F520517D
:105280008160294608A000F0EBFB06B070BD00006D
:10529000403802400C480040000402400C0000204E
:1052A00020430020100B0020554152543320496EFA
:1052B000697420202020202020202025642D4E6F7E
:1052C0006E652D382D313B20496E6974205375630E
:1052D000636573730D0000002DE9F0410D4D00264C
:1052E00014460F462E8000F039F80DE0288840B1B2
:1052F0002E8039466868FAF7E4FF10B10120BDE856
:10530000F081012002F010FB2046641EA4B2EDD211
:10531000F5E70000100B0020F0B50E4B00224FF413
:10532000007C16469D680AE09C89875C2F55641CAA
:10533000A4B29C81644500D19E81521C92B28A42E3
:10534000F2D305480168090603D4016841F08001E1
:105350000160F0BD100B00200C4800400FB410B5E8
:10536000ADF5007D4FF4007421466846FAF79EFFC4
:1053700083AB21466846829A00F096FB6846FAF7AE
:10538000C8FF81B26846FFF7C7FF0DF5007D10BC6E
:105390005DF814FB10B5806B0021C185C184FDF759
:1053A00070FD10BD01680C3151E8002F22F490729D
:1053B00041E80023002BF5D10168143151E8002F9A
:1053C00022F0010241E80023002BF5D1016B0129F5
:1053D00009D101680C3151E8002F22F0100241E898
:1053E0000023002BF5D1202180F842100021016319
:1053F000704708B590F84210222901D0022008BD5C
:1054000082684FF480539A4201D1016921B1816AC7
:105410009A421BD04AB10AE00268816A5268C2F31C
:1054200008020A80816A891C08E0026972B1026878
:10543000526802F07F020A70816A491C8162C18D44
:10544000491E0904090CC18503D01BE0026852689B
:10545000F1E70168CA6822F02002CA600168CA68E0
:1054600022F48072CA6001684A6922F001024A612E
:10547000202180F8421000214163026B012A03D0F1
:10548000FDF7F8FE002008BD016301680C3151E80A
:10549000002F22F0100241E80023002BF5D1016813
:1054A0000A68D20602D50A6849680091818DFDF725
:1054B000E7FCE7E770B5044600680169E26821F49B
:1054C0004051114301612169A068E26908436169A3
:1054D000114308432168CA6849F20C639A430243A6
:1054E000CA6020684169A26921F440711143416199
:1054F00031492068884202D03049884202D1FCF705
:10550000C9FE01E0FCF7B6FEE2690023192164251B
:105510003226B2F5004F626828D0A0FB0101930F3C
:105520009200FAF757FE0146B0FBF5F06FF0180253
:10553000504301EB800006EB0010B0FBF5F000F0EB
:10554000F002B1FBF5F002EB0012B1FBF5F06FF0E9
:105550001803584301EB800006EB0010B0FBF5F098
:1055600000F00F0021681044886070BDA0FB0101AD
:1055700092185B41FAF72EFE0146B0FBF5F00201EE
:10558000B1FBF5F06FF01803584301EB800006EB18
:10559000C000B0FBF5F000F0F80002EB4002B1FBF8
:1055A000F5F0584301EB800006EBC000B0FBF5F0CE
:1055B00000F00700D6E70000001001400014014091
:1055C0002DE9F843984617460D460446089E24E008
:1055D000701C22D0FCF714FDA0EB0800B0421AD8D2
:1055E000CEB12068C168490717D5802D15D0402D50
:1055F00013D00168C94309070FD40168002540682A
:1056000000902046FFF7CEFE0820606484F84050EA
:105610000120BDE8F8830320FBE72068006835EA35
:10562000000004D00020B842D2D00020F1E70120D1
:10563000F9E700004840034AC0B252F8200080EA6F
:1056400011207047B0020020094808B50168090719
:1056500001D5416800910168890604D54068054973
:10566000C0B205F038FCBDE808400348FDF70ABCAD
:1056700000100140940700209C0800202DE9F0470D
:10568000274D2868274C00064FF0000705F1040657
:105690004FF4007218D522480C300168090613D562
:1056A000E189A3685B5C3360491C89B2E181914266
:1056B00000D1E781E189A289914203D1016821F0FB
:1056C00080010160BDE8F0872868DFF85C80800613
:1056D0000FD5B8F80000904203D314A000F0C0F931
:1056E0001CE032680F4B20331A54401CA8F800000D
:1056F000E8E72868C006E5D50A49278091462031A9
:105700006068FAF7ACFDB8F8001021800548A8F8E9
:10571000007049462030FAF7C9FD28683068D1E7A3
:1057200000440040000B002040000020BEAFB8E65F
:10573000A3BA5541525432B5A5D6A1BDD3CAD5C1DD
:10574000BFA3ACD2D1B3ACB3F6BDD3CAD5BBBAB448
:10575000E6B4F3D0A10D21002DE9F047264D2868CD
:10576000264C00064FF0000705F1040619D5224823
:105770000C300168090614D5E189A268525C3260D8
:10578000491C89B2E181B1F5007F00D1E781E1894F
:10579000A289914203D1016821F080010160BDE836
:1057A000F0872868DFF8588080064FF420520ED525
:1057B000B8F80200904203D312A000F051F919E0AA
:1057C00032681B4B1A54401CA8F80200E7E728680F
:1057D000C006E4D52780914615496068FAF73FFD79
:1057E000B8F802102180A8F8027049461048FAF76C
:1057F0005DFD28683068D2E700480040100B0020AB
:1058000040000020BEAFB8E6A3BA5541525433B5AC
:10581000A5D6A1BDD3CAD5C1BFA3ACD2D1B3ACB3B9
:10582000F6BDD3CAD5BBBAB4E6B4F3D0A10D2100FE
:10583000200D0020FEE7000070B52F492F4886B0EC
:105840000160016811B10168491EF9E72C4801683F
:1058500041F004010160016841F001010160284844
:105860001430016841F48051016014216846FAF750
:105870001DFD01244FF400550326CDE90054CDE968
:10588000024669461F48FCF7C3FA1E4818300560F7
:10589000E020009001A9022081E851000520049039
:1058A00069461948FCF7B4FA18480460016841F0E9
:1058B00002010160016841F00401016001680160BA
:1058C00001680160016841F400710160016841F400
:1058D0008071016001680160016841F04001016070
:1058E00004F0DEFF01F066FD09480078002800D0D2
:1058F000012006B070BD0000F0874B00AC00002016
:1059000030380240000802400000024000300140F0
:105910004C7600202DE9F0410446134815460F4609
:10592000007800281DD0114E4FF000503060032049
:1059300005F0F2FFC4F3074005F0EEFFC4F30720C3
:1059400005F0EAFFE0B205F0E7FF002404E0FF20E5
:1059500005F0E2FF3855641CAC42F8D34FF4005018
:105960003060BDE8F08100004C760020180802404D
:105970007FB5040039D040F2DC552A4623A125A08A
:10598000FFF7AAFC98B1FFF7E5FB20A1FAF799FC15
:1059900068B12221FAF7B3FC48B103A9009102AB28
:1059A00001AA1FA1401CFAF709FD032820D02A46AE
:1059B0001EA120A0FFF790FC98B1FFF7CBFB1BA125
:1059C000FAF77FFC68B12221FAF799FC48B103A9E4
:1059D000009102AB01AA12A1401CFAF7EFFC0328C8
:1059E00008D04FF0FF3004B070BD6FF00900FAE747
:1059F000019804E00198642801DA00F5FA6020605B
:105A0000029860600398A0600020ECE72B514C5492
:105A1000533A000041542B514C54533D320D0A006F
:105A200025642F25642F2564000000002B43434C80
:105A30004B3A000041542B43434C4B3F0D0A0000AE
:105A400010B504464FF4E1310448FBF76DFFFBF756
:105A500085FA2046BDE81040FFF78ABF00480040A5
:105A60000FB4054B10B503A9044A029801F06CF875
:105A700010BC5DF814FB0000C19600080007002070
:105A80000FB4084B10B504A902AA039801F05CF802
:105A9000044602A9002001F0E5FB204610BC5DF899
:105AA00014FB0000657200087CB50C001D4616460C
:105AB000014601D0601E00E00020CDE90010064B39
:105AC0006A462946304601F03FF8002C02D0009A81
:105AD000002111707CBD00004F72000803B40198D2
:105AE0004100009850EAC12018BF04204A0D18BF99
:105AF00040F0010040F2FF72B2EB515F08BF40F08E
:105B00000200012808BF052002B070470907090EEE
:105B1000002804DB00F1E02080F80014704700F05A
:105B20000F0000F1E02080F8141D70470000000015
:105B30002DE9F04D2DED040B2DED0E8B96B0DDE92A
:105B40002550279CDDF890A025F0004624F0004861
:105B5000BAF1000F14BF0121002101EB4502FC49FD
:105B600053184A1093422AD3002814BF012300235C
:105B700003EB44030B44F7498B4220D358EA00015E
:105B80009FEDF59B76D0DFF8D8B35D4503D1BAF130
:105B9000000F05D188E0BAF1000F08BF002100D046
:105BA000012101EB450111F5001F08D8002814BFA1
:105BB0000121002101EB440111F5001F0BD99DEDDE
:105BC000261B9DED240B16B0BDEC0E8B04B0BDE87A
:105BD000F04D00F069BE0027002DBCBFE1498845AB
:105BE00021DAE1498845A8BF02271CDAC3451ADC3F
:105BF000DE4901EB2851142908DDC1F1340220FAF5
:105C000002F101FA02F282420DD108E058B9C1F165
:105C1000140228FA02F101FA02F2424503D101F01E
:105C20000101C1F1020756EA0A0124D1002C22DA4F
:105C3000002D18BF022F01D0012F0AD0022000F042
:105C40007FFE16B0BDEC0E8B04B0BDE8F04D00F049
:105C500013BE022000F074FE00F00EFE51EC100B9B
:105C600081F0004141EC100B16B0BDEC0E8B04B07E
:105C7000BDE8F08D18E09FEDBEAB9FEDBF8B002817
:105C800071D1B848804522D105F1804010F58010CF
:105C900008BFBAF1000F07D0B3450ADC002CA8BF3B
:105CA0009DED260BE0DA0DE0B0EE490AF0EE690A50
:105CB000DAE7002C06DA9DED260B51EC100B81F093
:105CC00000416FE0AE48784490ED000BCCE7D8453A
:105CD0004DD1002C48DA2EB186423AD1BAF1000FEC
:105CE00042D126E0BAF1000F13D0022000F028FEC6
:105CF00000F0F6FD8DED020B9DED240B8DED000BFC
:105D000010EE900A039961F31E0003909DED020BC3
:105D1000AAE78DED02AB9DED240B1AEE901A10EE62
:105D2000900A8DED000B61F31E0003909DED020BB8
:105D30009AE78DED028B9DED240B18EE901A10EE74
:105D4000900A8DED000B61F31E0003909DED020B98
:105D50008AE709DA9DED240B51EC190B53EC102B5B
:105D6000FAF737FE1EE020E09DED240B7CE786422B
:105D70001BDAB4F1804F0DD0A4F10050B0F1FF5008
:105D800013D1002D11DB9DED240B51EC100B05F010
:105D900085FF07E09DED240B53EC102B51EC100B0D
:105DA00000F0C2BC41EC100B5EE79DED240B51EC02
:105DB000100B03F056F9BAF1000FCDE90E0142D1F4
:105DC0009FED710B46B3A6F1E040B0F17F600CD0BF
:105DD0005E4538D1002D00DAA7B3022F0CBF012099
:105DE0004FF0FF30FAF7C5FCDCE7002D01DD002C99
:105DF0000DDA002D01DD002C1FDB002D16DA002C42
:105E000014DB012F08BF9FED620B3FF42DAFB0EE06
:105E10004A0AF0EE6A0A27E7022F18BF002D0CD0BD
:105E2000012F0AD1002DFFF61FAF06E0002DB8BFED
:105E3000002C08DA012F3FF417AFB0EE480AF0EE5D
:105E4000680A11E71BE0012000EBE57050EA07014A
:105E500015D0791EB0EE498AF0EE698A084308BF72
:105E60009FED4D8B4E480025804570DD4D494E48D5
:105E7000884514DDB0420DDB002C19DB2FE001203A
:105E800000F05EFD16B0BDEC0E8B04B0BDE8F04D29
:105E900000F016BDB34502DC002C09DC1FE0864291
:105EA00002DA002C1BDA03E05E452BDD002C16DD48
:105EB000022000F045FD00F013FD8DED020B53ECC8
:105EC0001A2B51EC180BFAF7E2FBCDE9000103990C
:105ED000019861F31E0003909DED020BC4E60220C1
:105EE00000F02EFD00F00CFD10EE901A18EE900A56
:105EF0008DED020B8DED008B61F31E0003909DED87
:105F0000020BB1E69DED0E0B53EC192B51EC100B6F
:105F1000FAF7B7FB9FED260BCDE9080153EC102BE8
:105F20009DED080B51EC100BFAF7B1FB9FED221B16
:105F300053EC112BFAF7A8FB9DED081B53EC112B2A
:105F4000FAF7A5FB9FED1E1B53EC112B3CE08CE0F8
:105F5000FFFF1F00FFFF0F00000000000000F03FE8
:105F60000000F03F0000F07F0000404301FCFFFF15
:105F7000000000000000F07F0000000000000000B2
:105F80009E6F000000000000000000000000008084
:105F9000000000000000F0FF000000000000F0BF63
:105FA0000000E0410000F043FFFFEF3F0000000071
:105FB000000000000000D03F555555555555D53FC0
:105FC000000000000000E03FFAF75EFB9DED080BCB
:105FD00041EC1A0B53EC102B51EC100BFAF757FB5A
:105FE00053EC1A2BFAF753FB41EC1A0B9FEDFE0B07
:105FF00053EC102B9DED080B51EC100BFAF747FBFF
:1060000041EC1B0B9FEDFA0B51EC1A0B53EC102BD0
:10601000FAF73DFB41EC1A0B9FEDF70B53EC102BFD
:106020009DED080B51EC100BFAF731FB53EC1A2BDA
:10603000FAF727FB41EC1A0B51EC1B0B53EC1A2B14
:10604000FAF77EFA0690CDE906519DED060B53EC6A
:106050001B2B51EC100BFAF714FB53EC1A2BFAF72D
:1060600013FB41EC100B00F0A1B90020B6F5801F26
:106070000EDA9FEDE30B53EC102B9DED0E0B51EC64
:10608000100BFAF704FBCDE90E016FF034000E4659
:1060900000EB2650A0F2FF37C6F31300DA4940F0B8
:1060A0007F6646F040568842D8BF002408DDD749B5
:1060B0008142C8BF012403DC0024A6F580167F1CA2
:1060C000D348784400EBC4000F9690ED00CB9DEDD3
:1060D0000E0B53EC1C2B51EC100BFAF7D2FA9DED82
:1060E0000E0B41EC1B0B53EC1C2B51EC100BFAF775
:1060F00027FA41EC100B51EC190B53EC102BFAF76B
:1061000068FC41EC1D0B51EC1B0B53EC1D2BFAF7FB
:10611000BEFA41EC1A0BBF488DED10AB78441095D8
:1061200090ED000B4FF0005040EA660000EB844019
:106130008DED080B00F5002009909DED080B53EC48
:106140001C2B51EC100BFAF79CFA9DED0E1B53EC37
:10615000112BFAF799FA41EC100B53EC102B9DED33
:10616000100B51EC100BFAF792FA9DED080B41EC75
:106170001C0B53EC102B9DED100B51EC100BFAF790
:1061800086FA53EC1B2BFAF77FFA53EC1C2BFAF729
:1061900078FA53EC1D2BFAF77AFA41EC1C0B53EC0E
:1061A0001A2B51EC1A0BFAF772FA41EC1B0B9A48B6
:1061B0000621B0EE4B0AF0EE6B0A784400F0E0FAEC
:1061C000B0EE401AF0EE601AB0EE41DAF0EE61DAAD
:1061D00053EC1B2B51EC1B0BFAF759FA53EC1D2B0C
:1061E000FAF755FA9DED100B41EC1B0B53EC1A2BF3
:1061F00051EC100BFAF7A4F953EC1C2BFAF747FA01
:1062000053EC1B2BFAF79CF99DED100B41EC1B0B8B
:1062100053EC102B51EC100BFAF739FA41EC1D0B33
:106220009FED7FEB53EC1E2BFAF78AF953EC1B2BF7
:10623000FAF786F90890CDE908519DED080B53EC6B
:106240001E2B51EC100BFAF71CFA53EC1D2BFAF72E
:1062500018FA53EC1B2BFAF717FA9DED080B41ECDB
:106260001D0B53EC102B9DED100B51EC100BFAF79E
:106270000EFA41EC1B0B53EC1A2B51EC1D0BFAF7E9
:1062800006FA9DED080B41EC1A0B53EC102B51EC68
:106290001C0BFAF7FCF953EC1A2BFAF751F941EC05
:1062A0001A0B51EC1B0B53EC1A2BFAF749F90C9013
:1062B000CDE90C519DED0C0B53EC1B2B51EC100B4D
:1062C000FAF7DFF953EC1A2BFAF7DEF941EC1B0B66
:1062D0009FED550B53EC102B9DED0C0B51EC100B5F
:1062E000FAF7D5F941EC1A0B9FED510B51EC1B0B52
:1062F00053EC102BFAF7CBF941EC1B0B9FED4E0B37
:1063000053EC102B9DED0C0B51EC100BFAF7BFF971
:1063100053EC1B2BFAF714F941EC100B4848784466
:1063200000EBC40090ED001B51EC100B53EC112B53
:10633000FAF706F941EC1B0B3846FAF71AFACDE9E1
:10634000080153EC1B2B51EC1A0BFAF7F9F841EC4E
:10635000100B3C48784400EBC40090ED00CB51ECAE
:10636000100B53EC1C2BFAF7EBF89DED081B53ECCC
:10637000112BFAF7E5F80690CDE906519DED080BD3
:1063800053EC102B9DED060B51EC100BFAF779F93D
:1063900053EC1C2BFAF775F953EC1A2BFAF771F939
:1063A00053EC1B2BFAF770F941EC100B9DED261BFB
:1063B00053EC102B8DED001B00959DED260B51EC41
:1063C000100BFAF764F99DED000B41EC1A0B53EC3E
:1063D000102B9DED260B51EC100BFAF752F99DEDA9
:1063E000061B53EC112B2FE0000000604715F73F10
:1063F000FE822B654715F73F44DF5DF80BAE543E38
:1064000000000000000040438E9803007AB60B00A5
:10641000926A0000486B0000CA690000000000009A
:106420000000000000000840000000E009C7EE3F47
:10643000FD033ADC09C7EE3FF5015B14E02F3EBED9
:106440005668000010680000FAF721F953EC1A2B87
:10645000FAF776F89DED060B41EC1A0B53EC102B76
:106460009DED000B51EC100BFAF711F9CDE90C0181
:106470009DED0C0B51EC1A0B53EC102BFAF760F856
:10648000CDE902010C46AA498C422FDB611A084370
:1064900018D19DED0C0B53EC102B9DED020B51EC24
:1064A000100BFAF7EEF841EC1B0B9FEDA30B51EC30
:1064B0001A0B53EC102BFAF743F853EC1B2BFAF79B
:1064C00089F92DD2022000F03BFA00F009FA10EE13
:1064D000901A18EE900A8DED020B8DED008B61F392
:1064E0001E0003909DED020BFFF7BEBB944A24F003
:1064F0000041914214D39349214408437FF4EFAC07
:106500009DED0C0B53EC102B9DED020B51EC100B81
:10651000FAF7B7F853EC1A2BFAF75CF97FF6DFAC11
:1065200024F000408849894A002601EB205182422C
:106530002BDA481C4FF4801121FA00F02044844AE1
:10654000C0F30A517A44A1F2FF3192ED000B814A67
:106550008DED080BCA4020EA0202C0F3130040F49C
:106560008010C1F1140120FA01F60992002CB8BF85
:1065700076429DED080B53EC102B9DED0C0B51EC6E
:10658000100BFAF77EF8CDE90C019DED0C0B51ECE8
:106590001A0B53EC102BF9F7D3FF9FED6F0B0890FC
:1065A000CDE9085153EC102B9DED080B51EC100B6D
:1065B000FAF76DF841EC1B0B9FED690B53EC102BB8
:1065C0009DED080B51EC100BFAF761F89DED0C0BEB
:1065D00041EC1C0B53EC102B9DED080B51EC100BF8
:1065E000FAF74FF853EC1A2BFAF74EF89FED5E1BB3
:1065F00053EC112BFAF74BF853EC1C2BF9F7A0FFD7
:1066000041EC1A0B51EC1B0B53EC1A2BF9F798FFCA
:10661000CDE902019DED020B53EC1B2B51EC100B4D
:10662000FAF72FF853EC1A2BFAF72EF89DED020B20
:1066300041EC1A0B53EC102B51EC100BFAF727F826
:10664000CDE908014A489DED080B0521784400F08A
:1066500097F89DED081B51EC100B53EC112BFAF73A
:1066600016F89DED021B53EC112BFAF70DF8CDE94E
:1066700006019DED020B53EC1A2B51EC100BFAF7AF
:1066800006F853EC1A2BF9F75BFF9FED3B0B41EC3F
:106690001A0B53EC102B9DED060B51EC100BF9F778
:1066A000F0FF9DED060B41EC1B0B53EC102B9DED09
:1066B000020B51EC100BF9F7EAFF53EC1B2BFAF726
:1066C00088F953EC1A2BF9F7DCFF9DED021B53EC14
:1066D000112BF9F7D6FF53EC192BF9F7D5FFCDE9BC
:1066E000020101EB065001150029C8BF039015DC1B
:1066F0009DED020B324651EC100BFAF7D9F9FFF77A
:10670000EDF9042808BF00F0FBF832469DED020BBE
:1067100051EC100BFAF7CCF9CDE902019DED020B1B
:1067200051EC180B53EC102BF9F7B1FFFFF73ABB04
:106730000000904000000000FE822B654715973C4A
:1067400000CC904000346F3F01FCFFFF0000E03FB1
:1067500020670000FFFF0F0000000000432EE63F0F
:10676000396CA80C615C20BEEF39FAFE422EE63F80
:10677000686500000000000000000000000000400C
:1067800070B504462DED028B4D1E00EBC500B0EE3A
:10679000408AF0EE608A90ED000B35F0060017D0CD
:1067A00053EC182B51EC100BF9F771FF41EC100B67
:1067B0006D1E04EBC50090ED001B51EC100B53EC6B
:1067C000112BF9F7BDFE41EC100B35F00600E7D1B7
:1067D000022D36D0042D1CD0062D1CBFBDEC028B23
:1067E00070BD53EC182B51EC100BF9F750FF94EDE2
:1067F0000A1B53EC112BF9F7A3FE53EC182BF9F7F6
:1068000046FF94ED081B53EC112BF9F799FE41EC70
:10681000100B53EC182B51EC100BF9F738FF94EDDB
:10682000061B53EC112BF9F78BFE53EC182BF9F7E1
:106830002EFF94ED040B53EC102BF9F781FE41EC85
:10684000100B53EC182B51EC100BF9F720FF94EDC3
:10685000021B53EC112BF9F773FE53EC182BF9F7CD
:1068600016FF94ED001B53EC112BF9F769FEBDECFC
:10687000028B41EC100B70BD9FED070B10B553EC74
:10688000102B9FED070B51EC100BFAF7A2F841EC1F
:10689000100B10BD00000000000000000000000010
:1068A000000000000000F03F10B553EC112B51EC3C
:1068B000100BF9F745FE41EC100B10BD0000000075
:1068C0009FED050B10B553EC102B51EC100BFAF7A4
:1068D00080F841EC100B10BD00000000000000002B
:1068E0009FED050B10B553EC102B51EC100BF9F785
:1068F000CEFE41EC100B10BD000000000000007047
:106900009FED050B10B553EC102B51EC100BF9F764
:10691000BEFE41EC100B10BD000000000000001096
:1069200002E008C8121F08C1002AFAD17047704758
:10693000002001E001C1121F002AFBD170470000B6
:1069400001490860704700000C0700202DE9FF5F37
:1069500082B00021DDE90430020DDDF840B00343D0
:1069600018D044F61050A2F2FF3242431514119889
:1069700001281FD0A5EB0B00401C5FEA000A4FF076
:1069800000064E4FDFF83891B046504615D5CAF193
:10699000000413E0119801244AA3012801D16FEAF1
:1069A0000B010298119AC0E90031C0E9024206B019
:1069B000BDE8F09FCBF10000DFE704460021404A2C
:1069C000491842EB0450CDE9001012E0E00707D06F
:1069D00032463B4640464946F9F759FE80468946CD
:1069E00032463B4610461946F9F751FE06460F4619
:1069F0006410002CEAD1DDE90401DDE90023BAF1DD
:106A0000000F06DAF9F743FE42464B46F9F73FFE20
:106A100005E0F9F7DEFF42464B46F9F7DAFF044698
:106A20000E460022284BF9F7D5FE03D84FF0FF3071
:106A3000014607E00022254B20463146F9F780FD4C
:106A4000FAF74DF8102409E0002C0ADB0A22002393
:106A5000F9F7C0FB039B30321A55641E50EA01025D
:106A6000F2D1641C039AC4F111031444119A012A4F
:106A700003D0012208430DD10AE0084304D00020CE
:106A80004FF0110B119072E7A3EB0B056D1E0DE09B
:106A90005B4504DD4FF0000205F1010504E003DA77
:106AA0004FF00002A5F10105002AECD002981199DF
:106AB000C0E90231C0E9004579E700000000144058
:106AC0000000F03F300000000000F0430000E03F15
:106AD0002DE9F04188468EB015460446002100E0BD
:106AE000491C605C202803D0092801D04145F7D318
:106AF0004FF0FF3629B308AA142902D91421002027
:106B000001E0002002E0235C1354401C8842FAD3C9
:106B100000211154104602F00FFC070011D0202173
:106B20006846F9F7C3FB6A464146204603F068FA17
:106B300038B1FA6869469047286000200EB0BDE879
:106B4000F0813046FAE700002DE9FF4F95B09A46F4
:106B5000884606460025EEE1252877D10024274601
:106B6000F94A0121039400E0044316F8013F203B59
:106B700001FA03F01042F7D130782A2811D06FF0D3
:106B80002F033078A0F13002092A16D8039A44F076
:106B9000020402EB820203EB42021044761C0390D3
:106BA000EFE758F8042B0392002A03DA504244F42A
:106BB0000054039044F00204761C30782E2816D13D
:106BC00016F8010F44F004042A280DD06FF02F02AC
:106BD0003078A0F13003092B09D807EB870302EBCB
:106BE0004303C718761CF3E758F8047B761C30780B
:106BF0006C280FD006DC4C2817D068280DD06A28E6
:106C000014D104E0742810D07A280FD10DE044F498
:106C100000140AE044F4801401E044F44014727853
:106C2000824202D104F58014761C761C30786628E6
:106C30000BD013DC582877D009DC002875D0452804
:106C4000F6D04628F4D047281AD193E118E06328FB
:106C500035D0642879D0652812D18BE1702873D0A3
:106C600008DC6728F1D069286FD06E280DD06F2816
:106C700006D1ACE073282CD0752874D0782853D076
:106C80005246179990476D1C54E1C4F302500228F4
:106C900009D003280DD0D8F8001004280DD00D60BD
:106CA00008F1040846E1D8F80010EA17C1E90052DB
:106CB000F6E7D8F800100D80F2E70D70F0E718F84D
:106CC000041B8DF8001000208DF80100EB46012018
:106CD00003E058F804BB4FF0FF3061074FF00001AC
:106CE00002D40DE009F101018946B9420FDA81456C
:106CF000F8DB1BF809100029F4D108E009F10101C3
:106D000089468142FADB1BF809100029F6D1039865
:106D10005346A0EB090721463846179A00F080FA3F
:106D2000284400EB090507E044E008E10DE01BF80A
:106D3000010B524617999047B9F10109F7D2534612
:106D400021463846179AF2E039E00A21C4F302528C
:106D50004FF0000B0091022A06D058F8040BC1171F
:106D6000032A09D00AE023E008F1070020F0070217
:106D7000F2E80201904605E000B2C117042A01D1F1
:106D800040B2C117002906DA0A460021404261EBF1
:106D900002012D2202E0220504D52B228DF80420C9
:106DA000012203E0E20701D02022F7E7914657E0F5
:106DB0000A2100E010214FF0000B00910BE01021A0
:106DC0004FF0000B44F004040827009103E0082072
:106DD0004FF0000B0090C4F30252022A05D058F87D
:106DE000040B0021032A08D008E008F1070020F076
:106DF0000702F2E80201904603E080B2042A00D1C3
:106E0000C0B24FF0000922072AD53278702A07D085
:106E1000DDF800C08CF0100C5CEA0B0C05D00EE025
:106E200040228DF80420012208E050EA010306D038
:106E300030238DF804308DF8052002229146009B06
:106E400083F0080353EA0B030AD150EA010201D18F
:106E5000620705D530228DF804204FF001097F1E0E
:106E60003278582A04D039A20C920CAA02920BE074
:106E70003BA2F9E75B46009AF9F7ACF90C9B9B5CE7
:106E8000029A521E0292137050EA0102F2D1029845
:106E900004A9081A00F1200B600702D524F48034FD
:106EA00000E001275F4502DDA7EB0B0000E00020BA
:106EB00000EB0B01009003984944401A0390E00353
:106EC00006D453462146179A039800F0A9F90544C1
:106ED000002706E001A85246C05D179990476D1C37
:106EE0007F1C4F45F6DBE0030CD553462146179A2D
:106EF000039800F095F9054404E0302052461799B4
:106F000090476D1C0099481E00900029F5DC08E0B0
:106F10000298029952460078491C029117999047AD
:106F20006D1CBBF10001ABF1010BF1DC5BE100F08A
:106F300065F90544761C307800287FF40DAE19B051
:106F40002846BDE8F08F00000928010030313233B7
:106F50003435363738396162636465660000000095
:106F6000303132333435363738394142434445467F
:106F700000000000600700D4062708F1070020F099
:106F80000700F0E80223804603F0004C5FEA0C00A3
:106F900001D097A009E0200501D596A005E0E00703
:106FA00001D095A001E0AFF24C001390307823F0AF
:106FB000004365280CD006DC452809D046281DD0A2
:106FC00047287FD13BE0662818D067287AD136E081
:106FD0000021112F01DB112000E0781CCDE9000118
:106FE00004A90CA8FFF7B2FCDDE90D010C9A4FF0E3
:106FF000000B07F10109109200914EE04FF00040A4
:107000000097CDE9011004A90CA8FFF79FFCDDE96A
:107010000D020C9B0F994FF0000B914610930092BC
:1070200011B9791C00EB0109B7EB090003D4C0F1D9
:10703000FF3B07F10109A9EB0700019042E0012F96
:1070400000DA01270021112F01DD112000E0384670
:10705000CDE9000104A90CA8FFF778FCDDE90D01DA
:107060000C9A00914FF0000BB946109221070FD4F3
:10707000009A4A4503DA914601E0A9F10109B9F104
:10708000010F05DD109AA9F10101515C3029F4D0FE
:10709000B84202DA10F1040F03DA0121CDE9011040
:1070A00010E0002803DC8344A9EB000102E0411C4E
:1070B000494500DD8946A0EB0B00401C01904FF0D4
:1070C00000400290200705D40198484502DB4FF0AC
:1070D000FF30019000208DF84B0002980DF14B0716
:1070E000B0F1004F25D002200C902B200D9002987B
:1070F00000280CDA404202902D200D9007E00A2172
:107100000298F9F77FFB3031029007F8011D0C99C6
:10711000481E0C900029F2DC02980028EFD1791E5D
:107120000D980870307800F0200040F0450007F816
:10713000020D11A8C01BC01D02901398007800B169
:10714000012000EB0901019801EBE0710298014474
:107150000398401A401E0390E00306D4534621468C
:10716000179A039800F05CF805441398007818B15A
:107170005246179990476D1CE00323D5534621468C
:10718000179A039800F04CF805441BE0BBF1000F80
:1071900007DB0098584504DD1098179910F80B008C
:1071A00001E0179930205246904701980BF1010BEE
:1071B000401E05F10105019004D12E205246179979
:1071C00090476D1CB9F10001A9F10109DEDC05E071
:1071D00017F8010B5246179990476D1C0299481EEB
:1071E00002900029F4DC53462146179A03989EE644
:1071F0002D0000002B000000200000002DE9F041D0
:10720000044600251E461746880404D405E0394686
:107210002020B0476D1C641EF9D52846BDE8F081DA
:107220002DE9F041044600251E469046C80301D5CD
:10723000302700E02027880404D505E04146384681
:10724000B0476D1C641EF9D52846BDE8F0814A6838
:10725000002A06D00A68531C0B6010704868401E54
:10726000486070470A68531C0B6010707047010E2D
:10727000C0F3072201EB00611204C0F3074002EBE8
:10728000002008447047000070B504460F4E19E016
:10729000A0892568C0050AD4A06820B1FFF7F4FFD3
:1072A000A089C00503D4206908B171688847A08906
:1072B000800503D4206A08B1716888477168204648
:1072C00088472C46002CE3D170BD00004800002008
:1072D00070B50D46846800E024682CB12946206A08
:1072E00000F046F80028F7D1204670BD054910B5DA
:1072F000096828208847040002D02821F8F7D6FF23
:10730000204610BD4800002000221146AFF3008047
:107310002DE9F04190460E460446FFF7E7FF134F74
:1073200005004FF00000B86015D0204604F0AAFC1C
:107330000146284603F050F904000FD0B8F1000FC1
:1073400010D0204604F09EFC0446007850B1284638
:10735000FFF79AFFBC600020BDE8F0812846FFF7E8
:1073600093FFF8E706B134602846F5E748000020AF
:1073700070B505000C4601D00CB108E009B1012040
:1073800070BD002070BD0028FCD0641C6D1C2878E6
:10739000F8F75FFF06462078F8F75BFF864228780B
:1073A000F1D0F8F756FF05462078F8F752FF281A73
:1073B00070BD00002DE9F843124E307800281FD030
:1073C0000025114FDFF844808DF800502C46012233
:1073D000694604F52000FEF79DFA9DF800003C4444
:1073E0002844C5B24445F2D3922D04D000207070D9
:1073F00018B107A002E00120F9E708A0FEF730FB72
:10740000BDE8F8834C76002040420F0000845D0008
:10741000D7D6BFE2BFC9D3C30D00000020B4EDCE64
:10742000F3A3ACD7D6BFE2B2BBBFC9D3C3210D0013
:1074300010B504460020E070401E2063204602F094
:1074400092FD08B1042010BD04F2322002F0B7FB17
:10745000A0F52A41553901D0032010BD94F834001D
:10746000E92805D0EB2814D194F83600902810D1E3
:1074700004F16A0002F098FB0749B1EB002F06D037
:1074800004F1860002F090FB0449884201D10020FB
:1074900010BD022010BD0000004641544641543347
:1074A00000E0401C02780AB18A42FAD1D0B270479B
:1074B000F0B50022144D134605EB021426685EB1A8
:1074C0000768BE4209D166688768BE4205D1A468D4
:1074D0004669B44204D000E00123521C022AEBD3D7
:1074E000022A01D069B904E04BB9022907D0122061
:1074F000F0BD05EB02108089B0F5807F01D000203F
:10750000F0BD1020F0BD0000D891002010B5054C52
:1075100002E005A0FEF7A4FA2068401E2060401C8F
:10752000F7D110BD740000206D6D68203E0D0A007B
:1075300030B50021054B0C4603EB0112156885425E
:1075400000D11460491C0229F6D330BDD891002027
:107550000268490AC06A5289B1FBF2F1001D04C8F1
:107560001AB1914203D3891AF8E7002070470068E6
:10757000084470478269891E921E8A4201D8002001
:107580007047C26A408901FB002070472DE9F05F17
:1075900082460C4601F11A0002F011FB78BB2078FC
:1075A000012700F03F00401E00EB8001DFF85890FB
:1075B00001EBC00500264FF6FF7B00BF19F806005F
:1075C000204402F0FCFA80466FB1FF2D17D201F083
:1075D00065FE07463AF815006D1C01F05FFE874214
:1075E0000DD1474601E0D84509D1761C0D2EE5D3D3
:1075F0002078400606D52FB13AF8150010B10020CA
:10760000BDE8F09F0120FBE77CC800082DE9F041B0
:1076100005680F00804606D002F018F9022809D24A
:107620000120BDE8F0812E6916B1A869B04207D8E3
:10763000012605E0411CF4D0A9698142F1D83E46FB
:107640003446A869641CA04202D80224022E0AD340
:107650002146404602F0FAF838B10128E1D0411C39
:10766000DFD0B442EDD10020DBE74FF0FF363246E9
:107670002146284603F046F830B957B1224639462C
:10768000284603F03FF820B101280FD001242046FE
:10769000C7E72C61D5E90501891E884201D8401E43
:1076A0006861287940F001002871F0E73446EEE780
:1076B0002DE9F84F824600680F680024C6688846A6
:1076C0002546785D6D1C20282AD32F2823D05C28DE
:1076D00021D0FF2C49D2A0F181017D290BD8795D01
:1076E0006D1C01EB0020A1F1400280B23F2A02D3C1
:1076F00080397F2939D2012101F098FD5FEA000924
:1077000033D0B9F1800F12D2014675A0FFF7C8FE41
:1077100058BB0CE06D1C795D2F29FBD05C29F9D09A
:107720007A19C8F80020202805D204250FE026F891
:107730001490641CC5E7002509E000BF06EB440077
:1077400030F8020C202801D02E2802D1641E002C13
:10775000F4D1002026F814003CB10B2220210AF1BC
:10776000240002F0F9FB002703E00620BDE8F88FB3
:107770007F1C36F817002028FAD02E28F8D01FB129
:1077800045F0030500E0641E2CB106EB440030F820
:10779000020C2E28F7D14FF000094FF0080BCDF85E
:1077A000009000BF36F8170007F101075FEA0008F4
:1077B00024D0B8F1200F04D0B8F12E0F04D1A74285
:1077C00002D045F00305EDE70098584501D2A742E5
:1077D00019D1BBF10B0F0FD0A74201D045F0030523
:1077E0000CD84FF0080000904FEA896027464FF010
:1077F0000B0B4FEA1069D5E745F003059AF8240012
:10780000E52849D04BE04046B8F1800F07D301F09E
:1078100045FD002101F00AFD804645F00205B8F162
:10782000FF0F13D90099ABF10100814204D345F059
:107830000305CDF800B0B5E70AEB01004FEA1822C6
:1078400080F824200098401C00901CE0B8F1000F44
:1078500004D0014625A0FFF723FE20B14FF05F08BA
:1078600045F003050FE0A8F14100192802D849F0BE
:10787000020908E0A8F16100192804D8413049F054
:1078800001091FFA80F8009A0AEB020181F82480AE
:107890000098401C009085E705218AF82410BBF170
:1078A000080F03D14FEA89604FEA1069C9F38100DC
:1078B000032803D06FEA0901890701D145F00205C9
:1078C000A90709D409F00301012901D145F01005E8
:1078D000012801D145F008058AF82F50002045E71E
:1078E000222A3A3C3E3F7C7F000000002B2C3B3D8F
:1078F0005B5D0000401E022812D20A4901EB001114
:107900008889B0F5807F05D008B1401E80B288819B
:1079100010B103E00020FAE7002008600020704763
:1079200002207047D891002044F274014843044972
:1079300048604868002802D04868401EF8E7704751
:107940004000002044F2740148430449086008687C
:10795000002802D00868401EF8E770478800002021
:1079600030B595B029A0FEF77BF820216846F8F7DE
:107970009DFC00246D462D4913A803F097FA0028BA
:10798000F9D19DF84C100D290AD00A2908D01F2CD6
:10799000F1D22955641CE4B225A0FEF761F8EAE7AC
:1079A000002CE8D023A0FEF75BF80020285569469C
:1079B00021A0FEF755F81D4912A803F077FA002818
:1079C000F9D19DF84800792808D0592806D06E28AA
:1079D00001D04E28EFD1C1B220A00FE0C1B228A043
:1079E000FEF73EF86B46284A28A108A8FEF748F89B
:1079F00008A801F020FA010004D026A0FEF730F814
:107A000015B030BD69462DA0F8E700000D0A456E9F
:107A10007465722066696C656E616D6520746F2097
:107A200064656C6574653A200000000094070020CE
:107A3000256300000D0A0000436F6E6669726D20B9
:107A400064656C6574652066696C652027257327FD
:107A50003F2028792F6E293A2000000025630D0A67
:107A600044656C657465206F7065726174696F6ED2
:107A70002063616E63656C6C65640D0A0000000034
:107A800025630D0A00000000F206002025732F2553
:107A9000730000004661696C656420746F20646542
:107AA0006C6574652066696C652C206572726F72F6
:107AB00020636F64653A2025640D0A0046696C6591
:107AC0002027257327207375636365737366756C50
:107AD0006C792064656C657465640D0A00000000B3
:107AE0002DE9F04704460021D0F8009000F04FFA4D
:107AF00000285BD1FF25471EA84627634846E16959
:107B000002F031FA060050D1216A087850B1CA7AE1
:107B1000E52802F03F02A2713FD0130704D50F2AD7
:107B20003BD105E0042640E00F2A01D0E5B120E07A
:107B300094F82F20520632D4420606D591F80D80D3
:107B400000F0BF00626905462263A84209D14A7B62
:107B5000424506D1D9F80C00FFF718FD08B16D1E9B
:107B600000E0FF25EDB21AE0084604F0EEF84045CB
:107B70001BD094F82F00C0070FD1D4F8201004F1C7
:107B800024000B2211F8013B10F8015B5B1B521E15
:107B900002D0002BF6D000E03BB1FF252763002187
:107BA000204600F005F80600A8D03046BDE8F08772
:107BB0002DE9F047054647690468C06989462037C2
:107BC00010B1B7F5001F02D30420BDE8F087F90516
:107BD00060D1401CE861A9694FF0000829B16089B3
:107BE000401E10EA572F05D054E02089B0EB571FF4
:107BF0001DD94FE0284601F029FE064601281BD971
:107C0000701C33D0A069B0423ED8B9F1000F0ED03D
:107C10002846A969FFF7FAFC06000BD0012E0BD00D
:107C2000701C23D0204604F0E1F8F8B906E0C5F84E
:107C30001C80C9E70720C8E70220C6E74FF400729E
:107C4000002104F1340002F087F94FF000083146BA
:107C50002046FFF78FFC4FF0010920630DE000BFC5
:107C600084F80390204604F0C1F808B10120ACE785
:107C7000206B08F10108401C206361894145EFD861
:107C8000216BA1EB0800206331462046AE61FFF76F
:107C900071FCE861C7F30800204434306F6128624A
:107CA000002092E72DE9F0470426FF248946054687
:107CB0002746D0F8008047E0404602F054F906001D
:107CC00046D1296A087880B1CA7AE52802F03F02D5
:107CD000AA7108D02E2806D022F02003082B06D047
:107CE000B446CC4506D0FF241EE0042630E04FF019
:107CF000010CF6E70F2A01D014BB1CE0420605D5A3
:107D00004F7B00F0BF006A6904462A63A04209D194
:107D1000487BB84206D1D8F80C0002F0B7FC08B195
:107D2000641E00E0FF24E4B200212846FFF740FF74
:107D3000060009D00CE0084604F007F8B84209D064
:107D40004FF0FF30286305E0E9690029B4D10EB196
:107D50000020E8613046BDE8F08700002DE9F04FD3
:107D60000446D0F8009090F82F0089B010F0A00FD2
:107D700003D0062009B0BDE8F08F0025D9F80C002B
:107D800000E06D1C30F815100029FAD104F124012F
:107D90000C226846039102F0D5F89DF80B00C0074D
:107DA00019D0402084F82F00012633466946D9F8BF
:107DB0000C20039801F000FD2046FFF791FE10B95A
:107DC000761C642EF1D3642E0FD00428D2D19DF8F6
:107DD0000B0084F82F009DF80B00800707D50D20BD
:107DE0000C35B5FBF0F56D1C02E00720C2E701255C
:107DF00000212046276800F0CAF888B900263846D6
:107E0000E16902F0B0F858B9206A0078E5280AD094
:107E100048B1002601212046FFF7CAFE0028EED017
:107E2000042812D012E0761C2846AE42F2D1451E3C
:107E3000059567D06169684201EB4011204600F06A
:107E4000A6F85FEA000803D076E00720804673E0DA
:107E5000039803F07AFF4FF6FF7B07904846E169ED
:107E600002F081F85FEA000866D1D9F80C000690AC
:107E70000598D4F82080C0B20490079988F80D10B6
:107E80000F2188F80B10002188F80C1008F11A0057
:107E900003F057FF0498DFF8A4A0401E00EB800118
:107EA00001EBC006002701E05D4503D0069830F8DD
:107EB0001650761C1AF8071001EB0800294603F04B
:107EC00040FF05B95D467F1C0D2FEDD35D4505D004
:107ED000069830F8160008B1049803E0049840F0C2
:107EE0004000049088F80000012189F80310002167
:107EF0002046FFF75DFE5FEA00081DD10598401E91
:107F00000590ABD14846E16902F02DF85FEA000820
:107F100012D120220021206A02F01EF80B22206AD2
:107F2000039902F00FF894F82F00216A00F018006E
:107F30000873012089F8030040461BE77CC800084D
:107F40002DE9F041016B044646690568481C04D0E0
:107F5000204600F01CF8002817D1E5274FF0010853
:107F60002846E16901F0FFFF60B9216A0F7085F8CA
:107F700003806169B14208D200212046FFF718FE54
:107F80000028EDD0042800D10220BDE8F0812DE9C1
:107F9000F04107680E460546B1F5001F36D2F006DF
:107FA00034D16E61AC6824B93878032805D3BC6A33
:107FB0001CB178894FEA402812E03889B0EB561F8F
:107FC00024D9B86A12E0284601F040FC0446401C5F
:107FD0001AD0022C1AD3B869A04217D9A6EB08060A
:107FE00046452146EFD23846FFF7C4FAC5E90640B8
:107FF00060B100EB5620E861C6F308003844343025
:1080000028620020BDE8F0810120FBE70220F9E7AB
:1080100070B5094C05460020615D00290AD104EBCA
:10802000850160194968007A09688847002801D1EC
:108030000121615570BD0000F893002030B4054C5B
:10804000231804EB80001B7A406804691846A44694
:1080500030BC6047F893002030B4054D2C1805EB78
:108060008000247A406885682046AC4630BC604772
:10807000F8930020044A111802EB8000097A406846
:108080004268084610470000F893002030B4054DC0
:108090002C1805EB8000247A4068C5682046AC4661
:1080A00030BC6047F89300202DE9F04FA3B00020CA
:1080B00082461190864D87A0FDF7D2FC20216846AC
:1080C000F8F7F4F800246F468D491FA802F0EEFE81
:1080D0000028F9D19DF87C100D290AD00A2908D072
:1080E0001F2CF1D23955641CE4B286A0FDF7B8FC10
:1080F000EAE7002CE8D084A0FDF7B2FC00263E554C
:108100006B46824A82A115A8FDF7BAFC012215A987
:10811000814800F01BFC010001D080A0D4E07E4823
:10812000C46886A02146FDF79BFC34B1B4F5003F3E
:1081300005D988A0FDF794FC9EE092A0FAE7644878
:10814000401E2218411C9448FDF78AFC93A0FDF7BD
:1081500087FC6B491FA802F0A9FE0028F9D19DF801
:108160007C0079280AD0592808D06E2801D04E28E2
:10817000EFD1C1B28EA0FDF773FC7DE0C1B290A03B
:10818000FDF76EFCF9F722F9F9F72CFE08B18EA085
:10819000D0E7934FF320386014210AA8F8F786F847
:1081A00002200E9006200C9001200D90801E13904E
:1081B0000A968CA0FDF754FC13A90AA8F9F77EFDD6
:1081C000010003D03B688DA0139A51E09BA0FDF7FE
:1081D00047FCDFF880B24FF48069FF224E464946E3
:1081E0009C48F8F75CF808AB32469A494A4800F0D8
:1081F000F4FC010003D098A0FDF732FC3AE00898A7
:1082000008B1002640E0F9F7A5FD434800F04CFB1B
:1082100000204CE01BF80630721C58468A4202D2FD
:108220008219527800E0FF2206F1020C8C4504D23C
:1082300000EB060C9CF802C001E04FF0FF0C06F1C9
:108240000308884503D20BEB0600C07800E0FF204E
:10825000000640EA0C4040EA02221A430023294665
:108260000220F9F781FD02000CD03B6829467FA06F
:10827000FDF7F6FBF9F76EFD274800F015FB23B07C
:10828000BDE8F08F2D1D361D08998E42C2D38A4459
:1082900064210AFB01F0B0FBF4F0119988429CD9EB
:1082A000014611907DA0FDF7DBFB96E7401C402CBA
:1082B00001D2214600E040218142F7D851467CA0FE
:1082C000FDF7CEFB024989A0FDF7CAFBD7E7000006
:1082D000000004080D0A456E7465722062696E2004
:1082E00066696C656E616D6520746F20646F776E72
:1082F0006C6F616420746F20466C6173683A200073
:1083000094070020256300000D0A0000F2060020FB
:1083100025732F2573000000A88F00204661696C2B
:10832000656420746F206F70656E2066696C652CC3
:108330002046523D25640D0A0000000046696C6528
:108340002073697A653A20256C75206279746573AB
:108350000D0A00004572726F723A2066696C6520E2
:108360006578636565647320536563746F72362046
:10837000636170616369747920283132384B422916
:108380000D0A00004572726F723A20656D70747943
:108390002066696C650D0A003CCF000850726F635F
:1083A0006565643F2028792F6E293A20000000007F
:1083B00025630D0A43616E63656C65642E0D0A00CA
:1083C00025630D0A00000000464C4153485F556E7E
:1083D0006C6F636B206661696C65640D0A00000058
:1083E0000C3C024045726173696E6720736563746B
:1083F0006F7220362E2E2E0D0A000000466C61731F
:1084000068206572617365204641494C45443A20B5
:108410007374617475733D256420736563746F7242
:108420004572723D256C7520464C4153482D3E5394
:10843000523D30782530386C580D0A004572617312
:1084400065204F4B2E2057726974696E672E2E2E51
:108450000D0A00004C720020526561642065727242
:108460006F722046523D25640D0A000057726974F0
:1084700065204641494C20616464723D3078253066
:10848000386C58207374617475733D2564205352A1
:108490003D30782530386C580D0A000050726F67F7
:1084A000726573733A20256C7525250D0A0000004E
:1084B0000D0A446F776E6C6F616420636F6D706C32
:1084C0006574652120256C75206279746573207749
:1084D00072697474656E20746F20466C61736820D5
:1084E00028536563746F7236290D0A00417070203D
:1084F00073746167696E6720617420307825303845
:108500006C582072656164792E0D0A002DE9F043E4
:10851000ADF2244D01226E496E4800F0EBF90028BF
:108520003DD06DA0FDF79CFA714E7249002099AACA
:1085300051F8203042F82030401C1028F8DB00258C
:1085400028464FF4004200BF56F82010491C01D0C5
:1085500085002D1D401C9042F6D3002D21D0664A87
:108560000DF5836307CA83E807001846FDF768FA2C
:1085700010B162A0FDF774FADDF8200400900DF54B
:1085800083626CA10CCAFEA8FDF77AFA00273C466C
:10859000FEAB4F4A6CA18DA8FDF772FA11E06DA0F9
:1085A000C0E771A0FDF75CFA4FF0FF300DF2244DEB
:1085B000BDE8F083FEAB464A7BA18DA80094FDF791
:1085C0005FFAA9A98DA800F0D1FB0146042806D0C6
:1085D000B1B179A0FDF744FA6FF00100E6E73C493C
:1085E000F0A800F0B9FAB8B101223949394800F0D1
:1085F00081F9A0B175A0FDF733FA6FF00300D5E75C
:10860000641C632C05D976A0FDF72AFA6FF00200EE
:10861000CCE7002CBCD0CDE7F0A800F059F9062239
:108620008DA901A800F092F9020006D08DA976A0CC
:10863000FDF716FA6FF00400B8E7EFAB402299A9F6
:1086400001A8EF9700F046FC010002D1EF98402806
:108650000CD075A0EF9AFDF703FA01A800F024F9F9
:108660008DA800F0E8FB6FF005009FE7B0462C46B0
:108670004FF480691FE04E46B44200D82646EFAB67
:108680003246414601A8EF9700F024FC010002D1D8
:10869000EF98B0420DD033466CA0EF9AFDF7E0F9A9
:1086A00001A800F001F98DA800F0C5FB6FF00600ED
:1086B0007CE7B044A41B002CDDD101A800F0F4F845
:1086C0002A468DA96CA0FDF7CBF900206EE70000CB
:1086D000F2060020748D00205344206361726420F0
:1086E0006D6F756E74206661696C6564200D0A009B
:1086F000000006080000040850C800085761726EA8
:10870000696E673A2074696D6520666574636820D8
:108710006661696C65642C207573696E672066619B
:108720006C6C6261636B2031393730303130310D20
:108730000A0000004150505F253034642530326417
:10874000253032640000000025732F25732E6269E6
:108750006E00000053442063617264206D6F756E7B
:1087600074204F4B200D0A004261636B75702061CD
:10877000626F72743A206E6F2076616C6964206457
:1087800061746120696E2061707020736563746F1D
:10879000722028616C6C2030784646464646464634
:1087A00046290D0A0000000025732F25735F2575EB
:1087B0002E62696E00000000665F7374617420654C
:1087C00072726F7220282564290D0A004D6F756E34
:1087D00074205344206661696C65640D0A000000D2
:1087E000546F6F206D616E79206475706C69636180
:1087F0007465206261636B75702066696C656E617B
:108800006D65730D0A000000437265617465206632
:10881000696C65202573206661696C656420282574
:1088200064290D0A000000005772697465206865AC
:1088300061646572206661696C65642066723D25BD
:10884000642062773D25750D0A0000005772697437
:10885000652064617461206661696C65642066727C
:108860003D25642062773D257520657870656374C9
:108870003D25750D0A0000004261636B7570207321
:108880007563636573733A20257320286865616496
:10889000657220363442202B2061707020256C7563
:1088A00042290D0A0000000038B5044600F07CFAA9
:1088B00000280CD16946204603F0CEFA002806D1E4
:1088C0002069FFF717F8002801D10021216038BD89
:1088D00038B50446694603F0BFFA002808D121697B
:1088E00021B10846FFF706F8002801D100212160D8
:1088F00038BD00002DE9F74181B090460298009004
:10890000684601F07EF8040003D50B2004B0BDE8F2
:10891000F0810D4E002756F824501DB12846FEF771
:1089200007FE2F700198002800D0077046F8240039
:1089300002D0B8F1010F01D00020E7E7002201A921
:1089400002A800F00FFDE1E7FC0600202DE9F74347
:1089500094B005000BD002F03F063246694615A8D8
:1089600000F000FD04004FF0000804D0ECE0092006
:1089700017B0BDE8F0830098049004A8159900F0A2
:1089800059FE04000ED19DF83F00000601D50624D3
:1089900008E0700801D0012100E0002104A8FEF7E2
:1089A00087FD044616F01C0F5DD04FF00109C4B1DD
:1089B000042C10D10020674902E0401C022804D298
:1089C00001EB00121268002AF7D1022807D004A890
:1089D000FFF7C4F9044646F008065CB1B4E012247F
:1089E000B2E09DF8160010F0110F47D1700701D5C5
:1089F0000824A9E0300747D500F087FF07460C9808
:108A000039460E3003F095F90C983946163003F0CC
:108A100090F90C982021C1720C99009801F0B1F8DE
:108A2000074600220C99009803F06FF90C9800217A
:108A30001C3003F07EF9009981F8039017B3D1F848
:108A400030900022394604A802F0F0F904007BD1EE
:108A50004946009801F087FA04000098A7F1010741
:108A600007610DD070E0ECBB9DF81600C10601D582
:108A7000042469E0B10703D5C00701D0072463E0EF
:108A8000300701D546F040060098006B68620C98EC
:108A9000A862700801D0012100E0002104A801F0C3
:108AA0002DF82861B8B30C99009801F06AF8A86015
:108AB0000C981C3001F078F8C5F82C80E86000991B
:108AC0002960009905F130004FF40072C988A9802F
:108AD0002E7585F81580C5F8208000218146C5F8DF
:108AE000188000E030E001F037FAB0062ED5EE68CD
:108AF00066B3AE610098A968408947020FE0284636
:108B000000F0A4FE0146012800D80224481C03D02E
:108B1000F61B24B105E01BE00124F61B01E0BE4278
:108B2000EDD8E96184B9F00510D00098FEF722FD78
:108B300070B100EB56222A62009801234946407822
:108B4000FFF78AFA10B10124C5F8008020460FE72C
:108B50000224F9E7D891002073B582B0050009D04E
:108B60000022694603A800F0FDFB04004FF0000658
:108B700003D02FE0092004B070BD00992960284679
:108B8000039900F057FD040014D195F82F0000065A
:108B900007D4A879C0061CD5296A009800F0F1FF17
:108BA000A8600098C188A98028460021FFF7EFF946
:108BB000040002D0042C0CD00CE0A86838B10021CD
:108BC000284600F09BFF286128B9122402E02E619C
:108BD00001E005242E602046CDE72DE9FE4F8846B2
:108BE0000021196099461546044602A903F034F99C
:108BF000002812D1607D00280FD1207DC0070BD046
:108C0000E168A0690127081A4FF0020A04F1300B4D
:108C1000854200D9054684E00720BDE8FE8FA169A2
:108C2000C80566D102984089401E10EA512611D12C
:108C300029B1E06A28B12046FEF78AFC05E0A06869
:108C400003E02046E16900F001FE02281BD3411C2D
:108C50004AD0E061E1690298FEF78CFC98B130449B
:108C60000190680A009025D0029932184889824202
:108C700001D9801B0090DDE9003248784146FFF7BA
:108C8000EBF988BB03E084F815A00220C5E7207D3E
:108C900000060CD5216A0198081A0099884206D26C
:108CA00008EB40204FF40072594601F04BF9009850
:108CB00046022CE0226A0198824218D0207D0006EC
:108CC0000AD50298012359464078FFF7DFF958B9D1
:108CD000207D00F07F0020750298012359464078DE
:108CE000019AFFF7B9F910B16775012095E701986E
:108CF0002062208BC0F30800C0F50076AE4200D998
:108D00002E46011932464046303101F01BF9A06968
:108D1000B0443044A061D9F800008119AD1BC9F8F6
:108D20000010002D7FF47BAF002076E738B50C46AD
:108D30000546694603F090F8002813D101462846FD
:108D40008CB1FEF7AFFF042801D000280AD12146DC
:108D5000284600F0DCFD00212846FEF729FF042804
:108D600000D1002038BDFFF712F938BD33B58DB002
:108D70000D46002269460DA800F0F4FA040010D157
:108D800068460D9900F056FC04000AD19DF82F00AA
:108D9000000601D5062404E01DB12946684600F00E
:108DA000B6FD0FB0204630BDF8B50446694603F065
:108DB00053F800280ED1217D4A060BD508060ED5A2
:108DC0000098226A0123407804F13001FFF75EF930
:108DD00008B10120F8BD207D00F07F00207500F073
:108DE00094FD0646616A009801F0BDF80028F1D1B3
:108DF000A56A2946E87A40F02000E872A268206857
:108E000002F083FF05F11C00E16802F092FF314699
:108E100005F1160002F08DFF002105F1120002F0AD
:108E200090FF00980121C17002F09CFF217D01F0AC
:108E3000BF012175F8BD11B59DB002220DA91DA875
:108E400000F090FA0D990091002810D168461D9904
:108E500000F0F0FB00280AD102216846FEF728FB4B
:108E6000002804D19DF82F00000602D506201EB070
:108E700010BD9DF80600C00701D00720F7E708994C
:108E80000D9800F07EFE04469DF80600C00610D541
:108E90000D980F90002111940FA8FFF778F8002883
:108EA000E5D100210FA8FEF7FDFE0028E5D004283B
:108EB000DDD16846FFF744F80028D8D134B100224C
:108EC0002146684601F0B2FF0028D0D10D9802F08B
:108ED00049FFCCE72DE9FE4F044600208846186084
:108EE0009946154602A9204602F0B6FF002806D191
:108EF000607D002803D1207D800702D40720BDE8D3
:108F0000FE8FA069012742194FF0020A04F1300BCD
:108F1000824200D2C5439BE0A169C80575D1029881
:108F20004089401E10EA512618D129B1E06A38B1B3
:108F30002046FEF70DFB07E0A06838B9002100E0ED
:108F4000E1692046FEF762FB00287DD001282DD084
:108F5000411C54D0E061A16801B9A060207D0006E9
:108F60000BD50298226A012340785946FFF78EF804
:108F7000A0BB207D00F07F002075E1690298FEF71C
:108F8000F9FA98B130440190680A009027D032185D
:108F9000029841898A4201D9891B0091DDE900329A
:108FA00040784146FFF772F8C0B903E084F815A095
:108FB0000220A4E7216A0198081A009988420AD27F
:108FC00008EB40214FF40072584600F0BBFF207DB3
:108FD00000F07F0020750098460228E00FE0216A2B
:108FE000019881420FD0E168A06988420BD20298B3
:108FF000012359464078019AFFF72EF818B167759A
:1090000001207CE701E001982062208BC0F308007A
:10901000C0F50076AE4200D92E4620443246414685
:10902000303000F08FFF207D40F080002075A06977
:10903000B0443044A061E168884200D80846E0604E
:10904000D9F80000811900E005E0AD1BC9F8001057
:10905000002D7FF461AF207D40F04000207500209E
:109060004DE782B0CDE9000121F0004001909DED77
:10907000000B02B051EC100B7047000008B5012244
:1090800028492948FFF736FC002830D027A000BF28
:10909000FCF7E6FC00208DF800002AA0FCF7E0FCBD
:1090A0002CA0FCF7DDFC32A0FCF7DAFC34A0FCF7C6
:1090B000D7FC38A0FCF7D4FC3DA0FCF7D1FC3FA0C6
:1090C000FCF7CEFC4249684601F0F0FE0028F9D1D9
:1090D0009DF800103FA0FCF7C3FC9DF8000030385D
:1090E00005281BD2DFE800F01105080B0E003BA09D
:1090F000CEE700F069FDD0E701F082FCCDE7FEF796
:109100002FFCCAE7FEF7D0FFC7E739A0FCF7A8FCA1
:10911000002204491046FFF7EDFB08BD3AA0FCF71A
:109120009FFCBAE7F2060020748D002053442063B0
:10913000617264206D6F756E74206661696C656420
:10914000200D0A004641544653204D656E753A0D78
:109150000A000000312E204C6973742066696C652A
:1091600073206F6E20534420636172640D0A000007
:10917000322E20526561642066696C650D0A00001C
:10918000332E2044656C6574652066696C650D0A34
:1091900000000000342E20446F776E6C6F616420F5
:1091A00066696C6520746F20466C6173680D0A00F7
:1091B000302E20457869740D0A000000456E7465F4
:1091C0007220796F75722063686F6963653A200059
:1091D0009407002025630D0A00000000534420631B
:1091E000617264206D6F756E74204F4B200D0A0004
:1091F00045786974696E67204641544653206D6511
:109200006E750D0A00000000496E76616C6964207D
:1092100063686F6963652E20506C656173652074A7
:10922000727920616761696E2E0D0A001CB50246D5
:1092300080281AD3D1B1012917D1010A8139A2F1AD
:109240004000C9B2C0B201EB410100EB8110410006
:10925000022201A801F55021FCF75CFB9DF80400F7
:109260009DF8051000EB012080B21CBDA0F59C41CB
:1092700045F2A61291420BD20749022201EB4001AE
:109280006846FCF747FB9DF801009DF80010E9E7F0
:109290004AF2A1101CBD000000640B0030B5B0F50F
:1092A000805F01D21B4900E01B4931F8022B002AE4
:1092B00015D0904213D331F8024B230AE5B252FA8B
:1092C00084F4844221D9092B09D2DFE803F005098F
:1092D0000E11131517191B00801A31F8100030BD3C
:1092E000811A01F00101401A00E0103880B230BD4F
:1092F0002038FBE73038F9E71A38F7E70830F5E7A8
:109300005038F3E7A0F5E350F0E7002BCDD101EBA7
:109310004501CAE7A6C8000898CA000808B54FF476
:109320007A73012269460248F9F74CFF009808BD9C
:109330009C0800207B20704770B506460024084D2D
:1093400005E000683146F6F7EBFF28B1641C55F8DC
:1093500024000028F5D170BD55F8240070BD000030
:10936000140000202DE9FF41002790460E460F60B3
:1093700000F047FB050003D50B2004B0BDE8F081E9
:109380008B4850F825409CB13460207808F0FE06E8
:1093900020B16078FEF76EFEC1070BD02770E8B2EF
:1093A000B8466070FEF734FEC10708D00320E4E73A
:1093B0000C20E2E70EB1400704D40020DDE71EB127
:1093C000400701D50A20D8E7002631462046FEF79F
:1093D0002FF8022822D100254FEA0D0704EB0510D3
:1093E00090F8F61100F5F97019B1083000F0DCFBC7
:1093F00000E0002047F825006D1C042DEED3002569
:1094000057F8256036B131462046FEF711F802289C
:1094100001D203E003206D1C042DF1D3042809D0F0
:1094200002286DD204F13F0000F0C9FBB0F5007FC7
:1094300066D101E00120A0E704F14A0000F0BFFB83
:1094400018B904F1580000F0AFFBE06194F8445003
:10945000A570012D01D0022D52D1454394F8410051
:109460006081E8B3411E08424AD104F1450000F092
:10947000A6FB2081000743D104F1470000F09FFBC9
:10948000070004D104F1540000F08EFB074604F1FC
:10949000420000F094FB010032D02389481900EB10
:1094A000131297422CD3B81A6789B0FBF7F0B8B102
:1094B00003274FF6F57C604500D8022740F6F57C7F
:1094C000604500D80127801C3244E2623144A0612B
:1094D000C4E90861032F15D013B12944A16200E04B
:1094E0000EE0022F1FD000F0010100EB400001EB65
:1094F000500000BFE16900F2FF10B1EB502F14D211
:109500000D203AE704F15E0000F059FB0028F7D186
:1095100020890028F4D104F1600000F045FBA0622E
:10952000A0698000E6E74000E4E74FF0FF306061AB
:10953000206180202071032F2CD104F1640000F001
:109540003EFB012826D1711C204600F00CFD08BB13
:1095500084F8048004F2322000F031FBA0F52A41A7
:10956000553917D104F1340000F01EFB114988422F
:1095700010D104F5067000F017FB0F49884209D19D
:1095800004F5077000F010FB606104F5087000F04E
:109590000BFB206106492770091F0888401C0880C2
:1095A000E0800648E0602046FDF7C2FF05E70000C6
:1095B000FC0600205252614172724161F891002014
:1095C0000A4610B5014600230220F8F7CDFB00281B
:1095D00001D04FF0FF3010BD2DE9F041134C206851
:1095E00008B313494FF0FF354FF0FF0C8A68496804
:1095F00004F1040E091A53182946002208E0D60087
:109600000CFA06F7B9431EF80270B7403943521CF2
:109610008242F4D31846FFF7D3FF10B12846BDE8C5
:10962000F081002020600020F9E70000E80600201B
:10963000688D002073B504460568019801E0401C60
:10964000019001782F29FAD05C29F8D00021A1607F
:1096500001980078202806D2802084F82F00204628
:10966000FEF795FC7CBD01A92046FEF721F80028F5
:10967000F8D12046FEF734FA94F82F1028B10428C8
:10968000F0D14907EED405207CBD4907FCD4A07970
:10969000C006F8D5A08AC0F3080041192846343125
:1096A00000F06FFAA060DEE7044803498160002102
:1096B000416001600120704700000408688D0020AF
:1096C00013B54FF47A73012269460248F9F7D3FDC6
:1096D00000981CBD9C08002010B5002821D0114B1B
:1096E0000022001F196803E0814203D80A46496836
:1096F0000029F9D152B11368841A9C4204D1006840
:1097000018441060104602E0506000E0186039B163
:1097100002680B1A934203D10B681A44026049682D
:10972000416010BD04070020024B0DCB81E80D0005
:1097300000207047688D00202DE9FF5F07460298E2
:109740001B4C01FB00F6DFF86CA0D4E9011000EB24
:1097500001080025AAF10401AB46894622E00A6807
:109760007B5D50460AF80230521CC9F80020042ADA
:1097700014D1827801889AF8030062F31F4141EA0C
:1097800000614046FFF71CFF18B1002004B0BDE89F
:10979000F09F08F104084946C9F800B06068401C11
:1097A0006D1C6060B542DAD3606820600298EDE716
:1097B000688D0020EC0600207CB516461C46054648
:1097C0000B2200F0BFFB052C11D91D4A0CE0002133
:1097D000B61C2346044663F35F044008E30300D548
:1097E0005440491C1029F4D330880028EFD10721B8
:1097F0004FEA0D0304F00F003030392800D9C01DA6
:109800005854491E2409F5D17E20002258544C1E7C
:1098100006E081387D2802D8A24206D0521C521C94
:109820008A4202D2A85C2028F3D1082902D2585CCF
:10983000491C00E02020A854521C082AF5D37CBD06
:109840002110010000487047140000202DE9F0416C
:1098500004680D4602290BD3A069A84208D92078D4
:109860004FF0FF36012807D002282BD0032839D02B
:1098700001263046BDE8F081606A05EB550700EB34
:109880005721204600F06FFB0028F2D1C7F30800F3
:1098900020447F1C90F83480606A00EB57212046FA
:1098A00000F061FB0028E4D1C7F30800204490F8E1
:1098B000341048EA0120E90701D00609D9E7C0F3CE
:1098C0000B06D6E7606A00EB1521204600F04BFB43
:1098D0000028CED1E8B204EB4000343000F06FF93C
:1098E0000646C6E7606A00EBD511204600F03BFB58
:1098F0000028BED140F2FF1000EA85002044343039
:1099000000F052F920F07046B3E7002070472DE9CF
:10991000F0474FF00009D0F80080064681F8169015
:10992000C0690C4600286AD0306B401C1DD0002551
:109930002F4610E00021FFF779FC38B1FF2803D94A
:10994000010A62196D1C9175FF2D01D3002509E0F4
:1099500061196D1C8875D8F80C0030F817007F1C51
:109960000028E7D1611981F816900021A37D0A46ED
:109970002E25306A405C491C202824D0052800D1BF
:10998000E520092905D10BB9A718BD75A718521CE8
:109990007D72A7187872ABB9A0F1410CBCF1190F18
:1099A0000FD8D6F820C009299CF80CC002D34FF07C
:1099B000100801E04FF008081CEA080F01D0203021
:1099C000C0B2B875521C0B29D3D333B9A11881F892
:1099D0001690306A007B00B90022A11881F8099026
:1099E000306AC07A2072306A1C3000F0DDF82060E6
:1099F000306A163000F0D8F8E080000CA080BDE896
:109A0000F08710B504464FF0FF302268002A13D0CB
:109A1000114600E0491C0B78202B0ED33A2BF9D1CC
:109A200012F8013B303B0A2B06D28A4204D1002BAC
:109A300002D1491C1846216010BD002010BDFFF75F
:109A40006DBC000008B50449684601F02FFA0028F3
:109A5000F9D19DF8000008BD940700200148F6F7F1
:109A6000A3BB0000000006082DE9F0410E460746A2
:109A70000024FFF7E7FE0546012F0ED0022F11D07C
:109A800026E00068F9F7B4FC13A0F9F7B1FC55F82B
:109A900024004068F9F7ACFC641C55F82400002849
:109AA000EFD115E07068FFF747FC040007D020688D
:109AB000F9F79EFC0AA0F9F79BFCA06806E009A054
:109AC000F9F796FC7068F9F793FC05A0F9F790FC9C
:109AD0000020BDE8F08100000909202D20090000C8
:109AE0000D0A000063616E206E6F742066696E64FB
:109AF00020636F6D6D616E64203A2000F0B5024600
:109B00001D4BD2F80050002003EB00142668AE4233
:109B100007D166689768BE4203D1A4685669B4420B
:109B200002D0401C0228EFD3022814D1002002E00A
:109B3000401C022804D203EB00142468002CF7D147
:109B400002280ED003EB0014256095686560526909
:109B5000A2600022A281002903EB0011898902D0B2
:109B600019B10020F0BD491C01E04FF4807103EBF6
:109B70000012401C9181F0BDD89100204FF4E130DB
:109B8000704770B506460D4601F11A0000F017F84F
:109B900004463078032805D105F1140000F00FF8D1
:109BA00044EA0044204670BDC178827842EA01212F
:109BB0004278007842EA012140EA0120704741786A
:109BC000007840EA012070472DE9F0474FF0000986
:109BD0008EB0C8464E464D4625A0FBF741FF2E49A4
:109BE0006846FEF7B9FF010001D02CA030E036A096
:109BF000FBF736FF38A0FBF733FF40A0FBF730FF41
:109C000035A0FBF72DFF454C4FF0000A04F1160775
:109C100042496846FFF78AF860B9A07D50B1207AC2
:109C20003A46C00619D53EA13EA0FBF719FF08F140
:109C30000108EDE76846FEF74BFE27A0FBF710FF93
:109C400032462B4649463CA0FBF70AFF414643A05B
:109C5000FBF706FF0EB0BDE8F08745A02168FBF7D3
:109C6000FFFE216809F101098E194AEB0505CFE7CE
:109C70000D0A52656164696E672053442063617206
:109C80006420726F6F74206469726563746F727997
:109C90002E2E2E0D0A000000F20600204661696C8F
:109CA000656420746F206F70656E206469726563EF
:109CB000746F72792C206572726F7220636F6465A5
:109CC0003A2025640D0A00000D0A46696C65204C97
:109CD0006973743A0D0A00002D2D2D2D2D2D2D2D7B
:109CE0002D2D2D2D2D2D2D2D2D2D2D2D2D2D2D2DA4
:109CF0002D2D2D2D2D2D2D0D0A0000005479706570
:109D0000202053697A6528627974657329202020A0
:109D10002046696C656E616D650D0A003471002026
:109D2000000000003C4449523E2025313073202081
:109D3000202025730D0A0000256C752066696C656E
:109D4000732C20746F74616C2073697A653A2025D6
:109D50006C6C752062797465730D0A00256C752032
:109D60006469726563746F726965730D0A0000003F
:109D70003C46494C453E2531306C7520202020253D
:109D8000730D0A0008B5F8F749F9FAF7C1FFF9F7BA
:109D9000D3FAF9F707FBF9F7F5FAF9F7BFFAFBF78A
:109DA0004BFD1CA0FBF75CFE22A0FBF759FEF8F769
:109DB00027F9054603264FF47A7840F6B83718E0BD
:109DC000F8F71EF9411BB1FBF8F0C0F10304B442EF
:109DD00004D0214622A0FBF743FE26462C496846C4
:109DE00001F064F828B99DF800000D280CD00A286D
:109DF0000AD0F8F705F9401BB842E1D325A0FBF7DC
:109E00002FFEF7F745FDFEE72CA0FBF729FE01F03A
:109E1000A3FDFEE70D0A3D3D3D20426F6F746C6F60
:109E2000616465722053746172746564203D3D3DC8
:109E30000D0A0000507265737320454E5445522040
:109E400077697468696E20337320746F20656E744F
:109E50006572207368656C6C2E2E2E0D0A00000052
:109E60000D0A507265737320454E54455220776930
:109E70007468696E2025647320746F20656E746544
:109E800072207368656C6C2E2E2E0D0A0000000087
:109E9000940700200D0A54696D656F75742C20734A
:109EA00074617274696E67206170706C696361744B
:109EB000696F6E2E2E2E0D0A000000000D0A456EF1
:109EC000746572696E67207368656C6C206D6F6471
:109ED000652E2E2E0D0A0000F0B50B30154D20F02A
:109EE00007010024144A0FE003688B420BD38B4216
:109EF00005D95E1A43184768C3E9006700E0436864
:109F0000136002C004E0021D10680028ECD1204656
:109F1000002802D1286808B10020F0BD064A074891
:109F20001060074A121A22F00702C0E9002401203B
:109F30002860D7E708070020040700200C940020C1
:109F400008A40020002A05D011F8013B00F8013BCD
:109F5000521EF9D1704700005FFA81F100F8011B31
:109F6000521EFBD1704770B50446006B0D460026AB
:109F7000A8420FD0204601F039FF06000AD16078D0
:109F800001232A4604F13401FEF766F808B1751E74
:109F900001262563304670BD38B5044601E0491EF0
:109FA000641C20782028FAD00928F8D031B16A46FC
:109FB0002046FCF78DFD18B1204604E0002038BD96
:109FC000009838BD401C0178202901D00029F9D122
:109FD000002101702046F9F70BFA03A0F9F708FAFF
:109FE0004FF0FF3038BD000020636F6D6D616E640F
:109FF000206E6F7420666F756E642E0D0A0000006F
:10A0000070B5002315461C461A464AE000F8012B9D
:10A010005B1C0678202E01D0092E01D18B42F5D38E
:10A02000082C10D321A0F9F7E3F9002605E000BFC2
:10A0300055F82600F9F7DCF9761CA642F8D323A0E0
:10A04000F9F7D6F92FE08B422DD2F6B2222E03D0AB
:10A0500045F82400641C1BE0401C45F824005B1CF0
:10A06000641C08E05C2E04D14678222E01D1401CED
:10A070005B1C401C5B1C0678222E01D08B42F1D366
:10A080008B4210D200F8012B5B1C0AE0401C5B1CC9
:10A090000678202E03D0092E01D08B42F6D38B42B6
:10A0A00001D28B42B5D3204670BD0000546F6F20A3
:10A0B0006D616E7920617267732021205765206F72
:10A0C0006E6C79205573653A0A0000000D0A000095
:10A0D00010B54FF4E1310448F7F726FCF6F73EFFE0
:10A0E000F9F73CFE002010BD004800402DE9F0418A
:10A0F000044608781A4E5B2801D0B1602BE0052099
:10A10000E060481C01F0BEFD074600785D2806D0DF
:10A11000FDF7ECF8051EA06002D038460AE0781C76
:10A12000BDE8F081FDF7E2F80028F9D0286045602D
:10A130000546601C01F0A6FD0146284600F04CFAD9
:10A1400001F0A0FD040006D020782C28EAD0207869
:10A150005D2802D0B4600020E2E7601CE0E7000068
:10A16000480000200178A1F13002092A01D81146E7
:10A170000AE0A1F14102052A01D8373904E0A1F132
:10A180006102052A3FD857390A0110F8011FA1F1D1
:10A190003003092B01D8303A0AE0A1F14103052B25
:10A1A00001D8373A04E0A1F16103052B2BD8573AC7
:10A1B00011440A0110F8011FA1F13003092B01D845
:10A1C000303A0AE0A1F14103052B01D8373A04E007
:10A1D000A1F16103052B16D8573A114440780901C3
:10A1E000A0F13002092A01D8303904E0A0F141027F
:10A1F000052A02D8373908447047A0F16102052AC0
:10A2000001D85739F7E70020704700002DE9F041E9
:10A2100006462DED0C8B0C469FED598B9FED5ACBCE
:10A22000087800250127B0EE4CBAF0EE6CBAB0EE1B
:10A23000489AF0EE689A2D2802D19FED55BB4C1C30
:10A240002078302800D1641C20789FED53AB313842
:10A2500008281AD814F8010B3038F6F78AFA41ECBE
:10A260001D0BB0EE4A0AF0EE6A0A53EC102B51ECCB
:10A27000180BF6F70CFA53EC1D2BF6F761F941ECCD
:10A28000180B207830380928E4D920782E282CD1D2
:10A290006078302847D3392845D8B0EE4CDAF0EE54
:10A2A0006CDA641C14F8010B3038F6F762FA41ECF2
:10A2B0001C0BB0EE4A0AF0EE6A0A53EC102B51EC7C
:10A2C000180BF6F7E4F953EC1C2BF6F739F941ECCF
:10A2D000180B53EC1D2B51EC190BF6F7D2F941EC8E
:10A2E000190B207830380928DCD92078652801D06E
:10A2F000452818D114F8010F2B2802D02D280FD093
:10A3000000E0641C6FF02F012078A0F13002092AD0
:10A3100009D805EB850201EB42028518641CF3E7BE
:10A320004FF0FF37EDE705FB07F0F6F722FA53ECA5
:10A33000192BF6F705F941EC110BB0EE4A0AF0EED5
:10A340006A0AFBF7F5FBB0EE409AF0EE609A53EC28
:10A35000182B51EC1B0BF6F79AF953EC192BF6F767
:10A3600096F941EC100B86ED060BF6F713FA7061C7
:10A370000320F0602046BDEC0C8BBDE8F0810000AE
:10A380000000000000000000000000000000F03F9E
:10A39000000000000000F0BF0000000000002440AA
:10A3A0002DE9F041054608782A4E7B2801D0B1609E
:10A3B00033E00620E860481C01F064FC07460078A2
:10A3C0007D2813D0FCF792FF041EA8600FD03846FA
:10A3D00001F058FC0146204600F03EF801F052FC26
:10A3E000002804D02169002721622CE0781CBDE8F8
:10A3F000F081B06011E0401C01F044FC01462046B1
:10A4000000F0EAF801F03EFC051EF0D028782C2878
:10A4100005D028787D281BD0B5600020E7E7FCF741
:10A4200065FF0028E3D0206044600446681C01F00A
:10A4300029FC0146204600F00FF801F023FC00281B
:10A44000D5D021692162276101783A29D3D0D0E79C
:10A45000681CCCE7480000202DE9F0470C46064672
:10A46000481C227800215A4B222A07D000209C60E9
:10A47000BDE8F087401C5C2A00D1401C0278222AEB
:10A4800002D00AB1491CF5D1481C19688847051E3D
:10A49000EED0601C2C464FF4806788E05C2903D026
:10A4A00004F8011B401C82E000F10108407872288A
:10A4B00014D006DC622809D0662809D06E2808D19D
:10A4C0000AE074280CD0752803D10BE0082000E0C6
:10A4D0000C2004F8010B68E00A20FAE70D20F8E7E9
:10A4E0000920F6E708F10100FFF73CFE8146A0F5E0
:10A4F0005C4008F10408B84257D3B9F1000F54D0BA
:10A50000A9F55840B84217D298F801005C284CD100
:10A5100098F80200752848D108F10300FFF722FEE1
:10A52000A0F55C4108F10608B9423ED2C9F3090121
:10A5300061F39F2000F580390420B9F1800F02D229
:10A540000120641C2AE0B9F5006F02D20220A41C8D
:10A5500006E0B9F5803F02D20320E41C0EE0241D82
:10A56000022813D0032809D004281DD109F0BF0107
:10A5700041F0800104F8011D4FEA991909F0BF016B
:10A5800041F0800104F8011D4FEA991909F0BF015B
:10A5900041F0800104F8011D4FEA99190D49095C49
:10A5A00041EA090104F8011D044408F101000178A1
:10A5B000222902D000297FF471AF00212170017897
:10A5C000222900D1401C0421C6E9031550E70000F0
:10A5D0004800002048C8000870B50C00054620D08F
:10A5E000042223A12046F5F7BFFEE0B1052222A1F7
:10A5F0002046F5F7B9FEC8B1042221A12046F5F79F
:10A60000B3FEB8B12078222819D02D2803D0A0F1AC
:10A610003001092919D821462846BDE87040FFF7C6
:10A62000F5BD002070BD0220E86006E00020E86073
:10A63000601D70BD0120E8606861201D70BD21466D
:10A640002846BDE87040FFF707BF5B2804D07B2891
:10A6500008D00D488460E4E721462846BDE87040F4
:10A66000FFF744BD21462846BDE87040FFF798BE7D
:10A670006E756C6C0000000066616C736500000014
:10A680007472756500000000480000202DE9F04755
:10A6900081460E4601F11A00FFF791FA28BB307887
:10A6A000012520F04000401E00EB8001DFF84C80C7
:10A6B00001EBC00400274FF6FF7A00BF18F807002F
:10A6C0003044FFF77CFA35B1FF2C0ED229F8140084
:10A6D0000546641C01E0504507D17F1C0D2FEDD3CA
:10A6E0003078400607D5FF2C02D30020BDE8F08764
:10A6F000002129F814100120F8E700007CC80008A8
:10A70000012070472DE9F047022617460D46044602
:10A71000022969D3A069A84266D920784FF00109BF
:10A72000012804D0022836D003285DD143E0616AB5
:10A7300005EB550801EB58212046FFF714FC0600F5
:10A7400052D1C8F308002044343008F10108E90769
:10A7500004D00178FAB262F31F1100E039460170AB
:10A7600084F80390616A204601EB5821FFF7FBFB58
:10A77000060039D1C8F3080020443430E90702D07C
:10A78000C7F3071105E00178C7F3032201F0F001D8
:10A790001143017026E0606A00EB15212046FFF7A7
:10A7A000E2FB060020D1E8B204EB4000B9B234303D
:10A7B00001F0C7FA16E0606A00EBD5112046FFF7FA
:10A7C000D2FB060010D140F2FF1000EA85002044C1
:10A7D00034300546FFF7E8F967F31B0001462846C9
:10A7E00001F0A7FA84F803903046BDE8F087FEF741
:10A7F00067BF000070B5124C0646D4E9011021F085
:10A80000030142180F490D1F28680E54401C286090
:10A8100004280FD18B780888C97863F31F4040EA79
:10A8200001611046FEF7CCFE10B14FF0FF3070BD55
:10A83000002028606068401C60602060304670BD69
:10A84000688D0020EC06002030B50C46054600233C
:10A8500003E0E85CF8F7C4FD5B1CA342F9DB30BD04
:10A8600070B505460BA0FBF7FBF800200A4E072445
:10A87000A10025FA01F101F00F0151EA000200D117
:10A8800024B9705C0549FFF7B2FF0120641EEFD5C3
:10A8900070BD00003078000038C8000800070020B4
:10A8A00070B5284C4FF0005000252060902001F03A
:10A8B00033F8002001F030F8002001F02DF80020DE
:10A8C00001F02AF8FF2001F027F845EA0026FF20D2
:10A8D00001F022F840EA06054FF4005020601A4CBF
:10A8E00001202070A5F56F401438052812D2DFE84A
:10A8F00000F003050B0D0F0014A200E015A217A134
:10A90000A01CFBF7BDF810E015A2F8E716A2F6E7C9
:10A9100017A2F4E718A211A1A01CFBF7B1F80020C0
:10A920002070294619A0FBF79BF82078012804D055
:10A930001DA0FBF795F8284670BDA11C27A0FBF7CA
:10A940008FF8F8E7180802404C760020573235514E
:10A950003136000057323551333200002573000084
:10A9600057323551363400005732355131323800C4
:10A970005732355132353600466C617368C9E8B1DB
:10A98000B8CAA7B0DC20212121000000B6C1C8A1AF
:10A99000B5BDB5C4B4EDCEF3D0CDBAC5CAFDBEDDEC
:10A9A000A3BA25640D0A0000CAFDBEDDB4E6B4A258
:10A9B000BCECB2E2A3BA20202020202020202020BE
:10A9C00020D0CDBAC5B6C1C8A1B4EDCEF3A3ACC9F1
:10A9D000E8B1B8B2BBBFC9D3C3210D00466C6173E7
:10A9E00068B4E6B4A220BCECB2E22E2E2E202020C9
:10A9F0002020202020D0CDBAC53A25730D000000BC
:10AA00002DE9F041ADF5167D35A0FBF729F82021A1
:10AA100083A8F5F74BFC002483AD384995A800F0D6
:10AA200045FA0028F9D19DF854120D290AD00A29B7
:10AA300008D01F2CF1D22955641CE4B230A0FBF7DA
:10AA40000FF8EAE7002CE8D02EA0FBF709F8002762
:10AA50002F5583AB2C4A2DA18BA8FBF711F80122AF
:10AA60008BA92C48FDF772FF010006D02AA0FAF747
:10AA7000F7FF0DF5167DBDE8F08131A0FAF7F0FF84
:10AA800034A0FAF7EDFF4FF401786D464FF40076ED
:10AA900041466846F5F70AFC82AB324669461D48D6
:10AAA000FEF79BF8A8B9829898B12F5400240BE0C8
:10AAB000295DA1F120005F2801D211A000E02FA0A4
:10AAC000FAF7CEFF641CA4B282988442F0D3B0425D
:10AAD000DED02CA0FAF7C4FF0E48FDF7E5FEC8E76C
:10AAE0000D0A456E7465722066696C656E616D65F0
:10AAF00020746F20726561643A2000009407002082
:10AB0000256300000D0A0000F206002025732F25A2
:10AB100073000000A88F00204661696C6564207492
:10AB20006F206F70656E2066696C652C206572728F
:10AB30006F7220636F64653A2025640D0A0000007F
:10AB40000D0A46696C6520636F6E74656E743A0D0C
:10AB50000A0000002D2D2D2D2D2D2D2D2D2D2D2DCF
:10AB60002D2D2D2D2D2D2D2D2D2D2D2D2D2D2D2D15
:10AB70002D2D2D2D2D2D2D0D0A0000005B253032A1
:10AB8000585D00000D0A2D2D2D2D2D2D2D2D2D2D37
:10AB90002D2D2D2D2D2D2D2D2D2D2D2D2D2D2D2DE5
:10ABA0002D2D2D2D2D2D2D2D2D0D0A002DE9F041B2
:10ABB00086B0002500F14006034605950069FCF7C4
:10ABC00056FB0446D868FCF752FB804645A0FAF7CE
:10ABD00047FF2046FFF744FE44A0FAF741FF44A098
:10ABE000FAF73EFF4046FFF73BFE40A0FAF738FF7A
:10ABF000314641A0FAF734FFF7F7F4F8142168461C
:10AC0000F5F754FB072002900120039002200490E6
:10AC1000009505A96846F7F751F808B13BA00DE08B
:10AC2000002508F1030711E056F8252004EB850103
:10AC300000230220F7F798F838B138A0FAF710FF90
:10AC4000F7F788F806B0BDE8F0816D1CB5EB970FFB
:10AC5000EAD3F7F77FF8424631462046F5F76EFB18
:10AC600008B132A01FE035A0FAF7FAFEF6F76CFD46
:10AC7000DFF8D880D4E90057C8F80040D8F80010B1
:10AC800033A0FAF7EDFE29463AA0FAF7E9FE394675
:10AC90003EA0FAF7E5FEA80001D442A003E0484830
:10ACA000B84303D047A0FAF7DBFECBE731464BA011
:10ACB000FAF7D6FE214650A0FAF7D2FE29462DA07B
:10ACC000FAF7CEFE394631A0FAF7CAFED8F80010DE
:10ACD00050A0FAF7C5FE85F308882046F5F764FA18
:10ACE000B0E700006C6F6164203D20000D0A000099
:10ACF00073697A65203D20006E65775F706F732001
:10AD00003D2030782578200D0A00000045726173DF
:10AD100065206572726F720D0A00000050726F67D5
:10AD200072616D206572726F720D0A0056657269EC
:10AD30006679206572726F720D0A0000436F707938
:10AD40002073756363657373210D0A0008ED00E0DD
:10AD5000426F6F742052756E6E696E672061742049
:10AD6000616464726573733A203078253038580D09
:10AD70000A000000537461636B2061646472657340
:10AD8000733A203078253038580D0A0052657365C3
:10AD90007420766563746F723A20307825303858A5
:10ADA0000D0A0000496E76616C69642073746163FA
:10ADB0006B2061646472657373210D0A00000000EA
:10ADC00000000608496E76616C69642072657365DF
:10ADD0007420766563746F72210D0A00536F75726B
:10ADE000636520616464726573733A20307825303E
:10ADF00038580D0A000000005461726765742061C4
:10AE00006464726573733A203078253038580D0ABF
:10AE10000000000043757272656E742056544F52E4
:10AE20003A203078253038580D0A00002DE9F041DD
:10AE3000056813460E46074602292DD3A869B0427D
:10AE40002AD93BB14FF0FF3219462846FFF75AFC8A
:10AE500000281FD131463846FEF7F8FC040018D010
:10AE6000012C19D0601C19D0002231462846FFF76A
:10AE700049FC00280ED1D5E90510821E914205D269
:10AE8000491C6961297941F0010129712646B042C6
:10AE9000E0D80020BDE8F0810220FBE70120F9E7BF
:10AEA0000021C0F80011C0F804117047D1F8042146
:10AEB000D1F800319A4202D14FF0FF307047D1F8FB
:10AEC00004218A5C0270D1F80401401CC0B2C1F8B0
:10AED000040100207047D1F80021D1F80431521C40
:10AEE000D2B2934204D0D1F80031C854C1F8002145
:10AEF000704700003EB5F6F727FCF6F773FF002019
:10AF0000CDE90000034602460290014601F00DFC27
:10AF10000446FEF761FBF6F71DFF214602A0FAF793
:10AF20009FFD00203EBD0000526563656976656443
:10AF300020257A7520627974657320746F20466CC1
:10AF40006173682E0D0A00002DE9FF4F87B017AC22
:10AF50004FF4B36194E8C00F304C239D2046F5F7C1
:10AF6000A5F902A8169A0DF11C0C80E8C401DDE9D0
:10AF70001401CDE900019CE80F0001F0B7F9C4F815
:10AF800054A5C4F88895206084F880B5002684F81C
:10AF90004C651D98C4F860051E98C4F86C051F9890
:10AFA000C4F878052098C4F87C052198C4F8840575
:10AFB0002298C4F85C55C4F868052498C4F8640560
:10AFC0002598C4F874052698C4F83C65C4F8700543
:10AFD0004FF48071201DF5F769F9C4F84465C4F891
:10AFE00028652798C4F83465C4F858050120C4F8CA
:10AFF0005005C4F86465801EC4F83865C4F8480577
:10B000002898C4F88C052998C4F890052A98C4F8A3
:10B0100094050BB02046BDE8F08F00007886002034
:10B020002DE9FF470446D0F86C05154688464FF0D9
:10B03000FF3A48B12F214046F5F7A5F920B110F8A5
:10B04000011F002977D0804641467F48F5F783F9F4
:10B050007D4801272860C4F8407594F880057BA6D8
:10B0600008B184F84D0594F84C150020022902D04F
:10B07000012903D008E0C4F8400505E0D4F86815BC
:10B0800011B1032184F84C1594F84D15032904D10E
:10B0900094F84C15032900D06DA6D4F8381501B1E9
:10B0A0006CA68146C4F844056BA14046F5F738F913
:10B0B00008B9C4F844756A48C5E90290C5F81C90FF
:10B0C0004046C5F80490F5F724F900EB080717F897
:10B0D000010FB8B103A8009001AB02AA61A13846E4
:10B0E000F5F76CF9019868600298E8600398A86029
:10B0F00010F4704F04D0D4F84005401CC4F840054B
:10B10000387878B950485F2203E02F2900D10270C7
:10B11000401C01780029F8D110F8011D2E2901D119
:10B1200080F800902068D0F83C0138BBD4F85C056A
:10B1300020B3454F08E067E0F5F77EF8016811F8A5
:10B14000080000071AD47F1C3878B0F10008F3D14A
:10B15000288910F4704F11D13B4F0BE0F5F76CF8D4
:10B16000016811F80800C00603D54046F5F771F8EC
:10B1700038707F1C3878B0F10008EFD1D4F89435DE
:10B1800023B131486A68E9689847E8B3D4F85805AC
:10B19000002804DD2DA12C48FFF7B2FA1EE0D4F8F8
:10B1A0004005B8B194F84C05032813D129A12648CD
:10B1B000FEF77AFAC4F8280528B1FEF7BBF869460D
:10B1C000FEF7B2FA70B1C5F81890D4F8280508B1A6
:10B1D0004FF0FF3031461C48FEF766FAC4F82805E8
:10B1E00090B12BE094F84D05012602280AD1009B6E
:10B1F000EA68D4F82815206800F094FE411C13D0AA
:10B2000000B90026009800E01CE0E96888424FEA97
:10B2100090214FEA8121A9610ED86EB10022D4F8A5
:10B2200028054FF0FF3048B1D4F828054FF0FF3023
:10B230000C2004B0BDE8F087C5F81890A8696861D3
:10B240000020F6E75046F4E764860020770000000F
:10B2500061000000722B000024746370242E7400BF
:10B2600000943577256C64256C6F256F0000000015
:10B2700070B588B0044600200090019002900390C1
:10B280000490059006900790204600F0ADFA4FF02C
:10B29000FF35C0B10F2838D0401C2ED06E46314645
:10B2A000204600F035F8A84227D0052803D00B2807
:10B2B00001D010BB29E0204600F096FA0428EED019
:10B2C0000F281AD121E004F225163246694620469D
:10B2D00000F018F9401C10D094F82501002812D075
:10B2E0006A4631462046FFF79BFE401C05D0694662
:10B2F000204600F0F9F9401CE7D1206801210068E0
:10B3000001F06AFA284608B070BD0020FBE7000093
:10B310002DE9F04F4FF0000989B00D46CDF80490AB
:10B320000A46C1F81C9000F225110446C8464E4654
:10B33000CB464FF0140A0091FFF772FE401C09D073
:10B3400004F5827008906969206801F0DFF909212D
:10B35000206898E00520C4F8500509B0BDE8F08FDA
:10B360000021206800F0F8FE0746801C0E2870D2ED
:10B37000DFE800F0078C979797970C25079797972A
:10B380002B14AAF101005FEA000A62D401AB4FF46A
:10B3900080622068009901F0F3F8D4E7206801F09A
:10B3A0004DF96969884202D0C4F834B5D8E7D4F8B9
:10B3B000904524B1D5E9000300212A69A047384609
:10B3C000CBE7089800F062FDBDE7206801F036F990
:10B3D000696988420FD0206801F030F9AAF10100B4
:10B3E0005FEA000A5DD401AB4FF4806220680099E7
:10B3F00001F0C6F8E5E74FF4B47700BFD4F878055C
:10B4000008B1032106E0D4F8841511B9D4F88C15DD
:10B4100061B10721B14204DB6B6909EB58018B4232
:10B4200004D980460026D5F8149000E0761C01ABC4
:10B430004FF480622068009901F0A2F8B84254D01D
:10B4400008DC10F1020F27D0B0F1FF3F1ED010280A
:10B45000A3D126E0A0F58070693839D0012823D027
:10B4600002289AD1DDE900234FF0140A294620462C
:10B4700000F090F96869019901446961206801F060
:10B4800045F98321206801F0E5F869E7AAF1010098
:10B490005FEA000A05D494E7AAF101005FEA000A16
:10B4A00092D54FF0FF3058E7DDE900234FF0140A42
:10B4B0002946204600F06EF96869019901446961E6
:10B4C000206801F023F90321206801F0C3F895E713
:10B4D000DDE900234FF0140A2946204600F05AF90E
:10B4E000686901990844686188E7DDE900234FF045
:10B4F000140A2946204600F04DF96869019908446C
:10B5000068612DE72DE9F8430025044600950068A1
:10B510000E4690460068012101F06BF95FF00107CB
:10B52000C4F8307519494320F561FFF760F91748F1
:10B53000002000BF2068006801F05AF964234246E9
:10B540006946204600F024F8B0B10A3003D04FF02D
:10B55000FF30BDE8F8830D490620FFF748F90B4896
:10B56000002000BF2068006801F042F92068012136
:10B57000006801F03EF9D3E704490620FFF737F9E8
:10B580000248002000BF0020E3E700000007002081
:10B590002DE9FF4F044681B04FF00008C4F82C8518
:10B5A00089464FF0FF3BC0F8348520680499006855
:10B5B00001F01FF9022806D0012809D004284DD037
:10B5C00018285AD051E04FF48060C9F8000002E01A
:10B5D0008021C9F8001020680121006801F009F9F4
:10B5E000824620680121006801F003F981B201EB75
:10B5F0000A00FF2839D100200090039DD9F800707F
:10B600000BE000BF01F0F5F806002ED4B0B20099AF
:10B6100000F016FC009005F8016B20687F1E4FF0CB
:10B6200001010068EED501F0E4F800281DDB80B2CE
:10B63000009900F005FC054620680121006801F032
:10B64000D8F8002811DB80B2294600F0F9FB60B978
:10B650005046C4F8308505B0BDE8F08F2068012160
:10B66000006801F0C6F8801C04D040F2E735C4F849
:10B670002C850EE06FF00900EDE7D4F82C051828B2
:10B6800003D01820C4F82C051DE05846E3E76D1ED2
:10B6900006D320680121006801F0ABF8801CF6D1C8
:10B6A000D4F8300510B10F49432003E0282004905E
:10B6B0000C491520FFF79BF80A48002000BF2068BE
:10B6C000006801F095F8D4F83405401CC4F834053E
:10B6D0000A28FFF66AAF20680121006801F07CF8B3
:10B6E000D3E70000000700202DE9F84304460120BD
:10B6F0000025C4F830050E4643204FF0FF3804F211
:10B700002517CD612249FFF772F82148002000BFBC
:10B710002068006801F06CF8680601D0322300E070
:10B7200082233A4669462046FFF732FF691CC9B2B8
:10B73000814214D1F0686D1C28B17169401A0099DA
:10B74000884200D200907069009B3A4618447061AC
:10B750003146204600F01EF8401C08D002E0E9B255
:10B76000814201D10620CDE710F10A0F02D04046F8
:10B77000BDE8F88306490620FFF739F804480020A1
:10B7800000BF2068006801F033F80020F0E70000F7
:10B79000000700202DE9F0411D0014460F46064623
:10B7A0001DD0D6F8400560B1012229462046D6F8C2
:10B7B0002835FDF7C1FF012811D04FF0FF30BDE85B
:10B7C000F081F86958B920780D2805D01A2808D0DA
:10B7D000D6F82815FFF70EF8641C6D1EF3D1002073
:10B7E000EDE70120F861FAE72DE9FC5F002504464A
:10B7F000019500682F46D0F83C0108B10F2600E003
:10B8000005264FF0010840F26B194FF0FF3A2AE08D
:10B8100000972068016A09B1632100E02321002319
:10B820001A4600F07BFFD4F85015206800F012FF94
:10B83000D4F85005052801D1C4F8508500212068AE
:10B8400000F08AFC801C14280DD2DFE800F00C0CFC
:10B850000B62410C140C0C0C5D0C0C0C0C0C0C0A47
:10B86000625AEBE76D1C761EEE4201D40A2DCFDB47
:10B870000020BDE8FC9F2068C17984F84C1509B907
:10B8800084F84C8581790A0604D521F08001817104
:10B89000C4F83885206801AB4FF48062817984F860
:10B8A0004D15417984F84E1504F22511C4F85085E0
:10B8B00000F066FE834603210020FEF75FF9216851
:10B8C000CB45886101D10420D3E70621206815E02B
:10B8D000206801ABC279016A02F0400211430162A3
:10B8E000202204F58271206800F04AFE4845ECD120
:10B8F0000121206800F00AFF0321206800F0AAFE61
:10B900009CE751462068F5E7206800F0EBFA0F202D
:10B91000AFE75046ADE7000010B500214FF47A7351
:10B920000B4A03E0491C89B2994209D89468A407DC
:10B93000F8D5D060002005E0401C80B2984201D9C3
:10B94000002010BD9168C907F6D0D068C0B210BD04
:10B950000030014070470000864DDFF81C82687897
:10B9600040F001006870D8F80000F7F741FD2E465E
:10B9700006F29719002706F5CB7600BFFEF762F8AE
:10B980000400FBD41B2C05D02878012804D0022801
:10B9900009D011E0012004E05B2C01D02F700BE0F6
:10B9A00002202870EAE72F70412C2AD0422C30D098
:10B9B000442C4FD0432C58D0002CDFD0FF2CDDD0AE
:10B9C000092C07D07F2C60D0082C5ED00D2C7DD0A8
:10B9D0000A2C7BD0B5F8E801502801D3A5F8E8710E
:10B9E000B5F8EA01B5F8E811884270D20A1A81194F
:10B9F0004844F4F734FCB5F8EA018455B5F8EA4157
:10BA000099E0688818B1401E80B268800EE06F80AF
:10BA1000B4E7A88869880246401E814202DA491CC0
:10BA2000698002E0002AA9D068806888502200EB73
:10BA3000800005EB00113046891DF4F710FC3046FC
:10BA4000F4F767FCA5F8E801A5F8EA01494800F019
:10BA50009FF893E7B5F8EA0100288FD047A0F7F7E1
:10BA6000C7FCB5F8EA01401E0CE0B5F8EA01B5F8EC
:10BA7000E811884282D2805D4149FEF7B8FEB5F8F0
:10BA8000EA01401CA5F8EA0178E7B5F8EA110029B7
:10BA900088D0B5F8E801491E401E82B288B2A5F8E8
:10BAA000E821A5F8EA01824223D9121A00EB090124
:10BAB0003044F4F7D4FBB5F8E80131498755082044
:10BAC000FEF795FEB5F8EA01304401E018E037E0F2
:10BAD000F7F78EFC2BA0F7F78BFCB5F8EA4103E0F3
:10BAE00026A0F7F785FC641CB5F8E801A0428FDBBF
:10BAF000F6E725A0F7F77CFCB5F8E80187553DE7A8
:10BB00001C4800F065F86878C00702D01FA0F7F75E
:10BB10006FFCB5F8E8113046FEF73EFAD8F80000A1
:10BB2000F7F766FC51213046F4F7C0FB1DE013A087
:10BB3000F7F75EFC641CB5F8E801A042F7DC07E00B
:10BB40008C556878C00703D00D492046FEF74FFE9C
:10BB5000B5F8E801401C81B2A5F8E811B5F8EA0192
:10BB6000401CA5F8EA0150298ED3A5F8E871A5F884
:10BB7000EA7103E70409002010000020080000001B
:10BB80000007002020200800082008000D0A0000FF
:10BB900010B50BA0F7F72CFC00240A492020FEF773
:10BBA00026FE641C3C2CF8DD05A0F7F721FC0648B6
:10BBB0000068F7F71DFC0548F7F71AFC002010BDD8
:10BBC0000D00000000070020100000209A0A00204D
:10BBD00070B52B4CB4F8E801E8B3A08804F5CB7637
:10BBE000052824D35022314604F5A370F4F7A6FBB0
:10BBF00088B3002505EB850004EB001000F1560129
:10BC00005022801DF4F72BFB6D1C042DF2DB05EB9D
:10BC1000850004EB0015A81D5021F4F747FBB4F88C
:10BC2000E821A81D3146F4F71AFB052023E048B1AE
:10BC300000EB800004EB0010502231464A38F4F744
:10BC40007DFB40B1A088608000EB800004EB001019
:10BC50005021801D00E00FE0F4F728FBA088B4F825
:10BC6000E82100EB800004EB00103146801DF4F762
:10BC7000F6FAA088401CA080A088608070BD0000FB
:10BC80000409002000E0401C002804D001780029AD
:10BC900001D02029F7D970470020704700B52DED5D
:10BCA000048B83B041EC190BF5F7DCF841EC180B71
:10BCB00018EE100A18EE901A8DED008B002818BFB0
:10BCC0000120084320F00040C0F17F6000F1E04017
:10BCD000C00F14D019EE101A19EE900A8DED009BCA
:10BCE000002918BF0121084320F00040C0F17F6007
:10BCF00000F1E040C00F04BF0120FAF721FE51EC33
:10BD0000180B03B0BDEC048B00BD70B50C460646A5
:10BD1000154691B204F11A0000F013F830780328A8
:10BD200006D1290C04F11400BDE8704000F009B8F8
:10BD300070BD0170090A4170090A8170090AC17059
:10BD400070470170090A41707047014600200B22BC
:10BD5000430803EBC01011F8013B521E1844C0B257
:10BD6000F6D1704770B5044600F040F8050036D1B2
:10BD7000207803282CD12079012829D1420204F10E
:10BD8000340000210646FEF7E7F84AF6552104F292
:10BD90003220FFF7D6FF13493046FFF7CAFF12499A
:10BDA00004F50670FFF7C5FF04F507706169FFF73A
:10BDB000C0FF04F508702169FFF7BBFF226A012369
:10BDC000521C226360783146FCF760F90020207134
:10BDD000002260781146FCF731F900B101252846B0
:10BDE00070BD000052526141727241612DE9F04113
:10BDF0000446C0780027F8B1256B04F1340160785F
:10BE000001232A468846FCF741F908B1012713E0CF
:10BE10000020E070606AE169281A88420CD2A67896
:10BE200008E0E0690123054460782A464146FCF7B2
:10BE30002DF9761E022EF4D23846BDE8F0810000BE
:10BE4000044B0A0A80EA012033F81220424090B2E3
:10BE500070470000B000002070B50E4604004FF09F
:10BE600009050CD0206850B1017841B1A188C28881
:10BE7000914204D14078FCF7FDF8C00703D00020C0
:10BE80003060284670BD00252068F9E770B505468A
:10BE900012E013A12846F4F781FA040012D0AC4254
:10BEA00004D0611B2846FEF7CFFC25462078DE280B
:10BEB00011D00020FFF74EFD002D02D02878002879
:10BEC000E7D170BD2846F4F724FA01462846BDE8BC
:10BED0007040FEF7B9BC0120FFF7DEFEECE7000082
:10BEE000DDDE000070B50446002100F00FFC0325E4
:10BEF000AE1F0EE0206800F07BFC0821204600F019
:10BF0000A9FB6421206800F074FCB04203D04F28E4
:10BF100002D06D1EEED570BD2068BDE870400121D5
:10BF200000F067BC2DE9FF4781461E46154688464E
:10BF30000846FDF7FFF96946FDF7F6FB4FF0FF37BE
:10BF4000401C32D016B13D46344608E0009CAC425D
:10BF500031D13D4603E02946F9F76CFB0546641EE6
:10BF600004D34046FDF76BFD411CF4D1EC43404641
:10BF7000AFF300800022114640464FF0FF303146BB
:10BF8000484600F0C3FB0D21484600F063FB05E086
:10BF900008280AD00D280CD0102806D003A948463E
:10BFA00000F0DAF803990128F2D1384604B0BDE870
:10BFB000F0878C4201D00020F8E70120F6E730B589
:10BFC000002101220B4611F0600F21D1182913D056
:10BFD00008DC0D2914D010290ED011290CD01329FA
:10BFE00008D109E08D290BD0902905D0912903D0E3
:10BFF000932901D0046A5CB1441884F82C200AE02B
:10C00000046A002CF8D10224451885F82C4002E07F
:10C01000441884F82C30491CFF29D4DD30BD10B5FC
:10C020000446E168206800F0E4FB002808DB00F02B
:10C030007F001128F5D004DC0A2801D00D2804D196
:10C0400010BD1328EDD01828FAD0216A0029F7D0A6
:10C050002028E6DB10BD10B50446C168006800F07A
:10C06000C8FB10F0600F05D101462046BDE8104026
:10C0700000F001B810BD10B5044607E0E168206883
:10C0800000F0B7FB014610F0600F10D1182910D056
:10C0900004DC1129F2D0132904D1EFE79129EDD066
:10C0A0009329EBD0206A10B111F0600FE6D008465A
:10C0B00010BDE168206800F09CFB0028F8DB182820
:10C0C00015D1E168206800F094FB0028F0DB182807
:10C0D0000DD1E168206800F08CFB0028E8DB18280F
:10C0E00005D1E168206800F084FB0028E0DB6A28C5
:10C0F00028D00CDC182822D004DC1128D9D0132831
:10C10000D7D010E068281DD069280CD11AE06D281E
:10C110001DD004DC6B2815D06C2804D115E09128C3
:10C12000C7D09328C5D0216A11B110F0600FC0D0DC
:10C13000C0F3411102290CD04FF0FF3010BD4FF475
:10C140008C7010BD40F4807010BD7F2010BDFF20AA
:10C1500010BD80F0400010BD2DE9FC5F044689460B
:10C16000D4E90610002708440090A762BA46B846F2
:10C170006FF0020BC4F838710526E168206800F002
:10C1800038FB054618280BD005DC5D4572D015F14B
:10C19000020F21D16EE02A2D35D0AA2D1CD132E01C
:10C1A000761E002E16DD01E0019E761E012120681C
:10C1B00000F01FFB054658455CD010F1020FDCD0A3
:10C1C000182804D06B2D07D14FF0FF3559E0761EAB
:10C1D000002ED2DC102554E000998A4503D94FF097
:10C1E000FF30BDE8FC9F6069012804D00228C3D15C
:10C1F0000AF1010AC0E7F4F71FF80068405D10F08B
:10C200003E0FB9D0F4E705205E4601902046FFF7C7
:10C2100006FF0546B0422DD010F1020F2AD0182893
:10C2200002D02A2DF2D0D7E72046FFF7F8FE0546C8
:10C2300041282DD007DCB0421CD010F1020F19D0DC
:10C24000182DC9D1B0E7422829D0432DC4D14320AD
:10C25000C4F83801C4F83401204600F0A9F80546B6
:10C26000E079A17901EB0020617901EB00202179CF
:10C2700001EB0027062D04DD102D02D0B5F58C7FD3
:10C28000A8D0B9F1000F01D0C9F800702846A8E77E
:10C290004120C4E94D80204600F04EF8DFE74220FF
:10C2A000C4E94D80204600F025F9D8E770B5064670
:10C2B000FFF7B5FE002814DBA0F13004092C00DDE7
:10C2C000273C20094FF0FF350AD13046FFF7A7FE83
:10C2D000002806DB3038092800DD2738010901D0A5
:10C2E000284670BD00EB041070BD00002DE9FF5F13
:10C2F00091460EAA0F4C92E8E0059B464FF4A071C0
:10C300002046F3F7D3FFDDE900015B464A4600F023
:10C3100075FAC4F820A0206004F10C0080E8E00168
:10C320001398E0612046FFF74AFE04B02046BDE8BE
:10C33000F09F0000108C00202DE9F0410646FFF729
:10C340008AFE010A0CD1B06280B2FFF779FD074680
:10C3500000243046FFF77FFE0546000A02D028463B
:10C36000BDE8F081A8B23946FFF76AFD07463019EB
:10C37000641C0571042CECDB3046FFF76CFE010AEF
:10C38000EED180B23946FFF75BFD04463046FFF739
:10C3900062FE010AE4D180B22146FFF751FD10B1DF
:10C3A0004FF0FF30DCE70120C6F83C01B06AD7E768
:10C3B0002DE9F0410646FFF74EFE010A0ED14FF07F
:10C3C000FF384146B062F9F735F90446002530469A
:10C3D000FFF741FE0746000A02D03846BDE8F0816B
:10C3E00021463846F9F726F9044670196D1C077185
:10C3F000042DECDB00253046FFF72DFE010AEDD1C0
:10C400002146F9F717F96D1C0446042DF3DB0548A6
:10C41000844201D04046E1E70120C6F83C01B06A01
:10C42000DCE70000E320BBDE2DE9F05F4FF0FF37D3
:10C4300000259A4688468346B946561C53E058461E
:10C44000FFF709FE010A47D040F26916A0F2691110
:10C45000B0420ED009DC10F1020F39D0B0F58C7F5C
:10C4600038D0B0F5B47F33D103E0012901D00229DF
:10C470002ED10446C0B24946F9F7DCF88146584649
:10C48000FFF7E9FD010AE1D14946F9F7D3F8814602
:10C490005846FFF7E0FD010AD8D14946F9F7CAF836
:10C4A00081465846FFF7D7FD010ACFD14946F9F733
:10C4B000C1F881465846FFF7CEFD010AC6D149466C
:10C4C000F9F7B8F80A4988420FD12046CAF8005057
:10C4D000BDE8F09F1020FBE708F805004946F9F792
:10C4E000A9F881466D1CB542A9DB3846F0E700008B
:10C4F000E320BBDE2DE9F0410446FFF7D7FE00281C
:10C500002BDBA06280B20021FFF79AFC07460025D2
:10C510002046FFF7CBFE06001FD4B0B23946FFF726
:10C520008FFC074660196D1C0671042DF0DB204658
:10C53000FFF7BCFE002810DB80B23946FFF780FC15
:10C5400005462046FFF7B2FE002806DB80B22946EA
:10C55000FFF776FC18B14FF0FF30BDE8F081012104
:10C56000206800F046F90D2801D08D2803D1012163
:10C57000206800F03EF90120C4F83C01A06AECE715
:10C580002DE9F05F074600201860D7F838011E46F5
:10C590008846432804D04FF0000A5446551C48E012
:10C5A0003846BDE8F05FFFF73FBF3846FFF753FD61
:10C5B000010A36D040F269156FF001094FF48C7B07
:10C5C000A0F26911A8420CD007DC484525D0584597
:10C5D00025D0B0F5B47F20D103E0012901D0022994
:10C5E0001BD18046C0B25146FFF72AFC824638462E
:10C5F000FFF731FD010AE3D180B25146FFF720FC7D
:10C6000082463846FFF727FD010AD9D180B251464C
:10C61000FFF716FC78B940463460BDE8F09F102063
:10C62000FBE708F8040080B25146FFF709FC824698
:10C63000641CAC42B9DB4FF0FF30EEE7C179827980
:10C6400042EA01214279007942EA012140EA0120CF
:10C65000704700002DE9F04788B081462A208DF808
:10C6600000008DF8010018208DF80200422001F032
:10C670007F0588468DF803006F46284601A900F023
:10C680009FF8002106242846C9F83011FFF7D8FB8F
:10C69000064600254FEA070A09EB05070AEB0401E5
:10C6A000387A00F08DF8387A3146A41CFFF7C8FBC1
:10C6B0006D1C0646042DEFDB01460020FFF7C0FB92
:10C6C00001460020FFF7BCFB07460AEB0401554674
:10C6D0000E46000A00F074F8B11C384600F070F8FD
:10C6E000211D0D206854611D8A206854A11DB8F1D8
:10C6F000080F05D0B8F1030F02D011206854491C6F
:10C700006846FEF7A1F808B0BDE8F08701720A0A92
:10C7100042720A0C8272090EC172704710B5029CF7
:10C72000017242728372C47210BD10B598B00020BD
:10C73000CDE91531CDE913020121CDE90F1011909A
:10C7400078221290CDE90B020D900E90CDE90710E2
:10C7500009904FF4AF610A904FF41662CDE90401DD
:10C7600064210690CDE90202CDE9001001239A036D
:10C770005110FEF7E9FB044601210020FDF7FEF908
:10C78000216888612046FEF773FD401C04D000211B
:10C790000846FDF7F3F910E020680121006800F079
:10C7A0001BF800210846FDF7E9F92068D0F83C1194
:10C7B00019B90068012100F00FF818B0002010BD71
:10C7C000044AC0F3031300F00F00D35C0B70105C3D
:10C7D00048707047C006002010B50448F3F799FD73
:10C7E0000146BDE810400148FEF72EB8D1060020F2
:10C7F000704710B5FDF726F9C0B210BD2DE9F04124
:10C80000064C0E4607461D4618212046F3F74EFDFE
:10C810006561C4E902672046BDE8F081508D0020C3
:10C8200000000000000000000102030406070809E0
:10C830000000000001020304303132333435363752
:10C8400038394142434445460000C0E0F0F8FC005E
:10C85000B20700000100000001000000B207000064
:10C860000100000001000000494C0008DF4C0008F6
:10C87000B94C0008E54C0008694C000801030507A5
:10C88000090E10121416181C1E00010004001000DE
:10C890004000000100020000010002000400080046
:10C8A00010002000000061001A03E0001703F800E8
:10C8B0000703FF0001007801000130013201060189
:10C8C000390110014A012E017901060180014D0054
:10C8D0004302810182018201840184018601870172
:10C8E000870189018A018B018B018D018E018F01E6
:10C8F00090019101910193019401F6019601970134
:10C90000980198013D029B019C019D0120029F011D
:10C91000A001A001A201A201A401A401A601A701F6
:10C92000A701A901AA01AB01AC01AC01AE01AF01A5
:10C93000AF01B101B201B301B301B501B501B70156
:10C94000B801B801BA01BB01BC01BC01BE01F701CD
:10C95000C001C101C201C301C401C501C401C701B5
:10C96000C801C701CA01CB01CA01CD011001DD0117
:10C9700001008E01DE011201F3010300F101F40157
:10C98000F401F8012801220212013A020900652C83
:10C990003B023B023D02662C3F0240024102410243
:10C9A00046020A01530240008101860155028901B5
:10C9B0008A0158028F015A0290015C025D025E02F8
:10C9C0005F029301610262029401640265026602E1
:10C9D0006702970196016A02622C6C026D026E0278
:10C9E0009C01700271029D01730274029F01760224
:10C9F0007702780279027A027B027C02642C7E0242
:10CA00007F02A60181028202A901840285028602B8
:10CA10008702AE014402B101B20145028D028E02CD
:10CA20008F0290029102B7017B030300FD03FE0316
:10CA3000FF03AC0304008603880389038A03B10360
:10CA40001103C2030200A303A303C4030803CC031E
:10CA500003008C038E038F03D8031801F2030A002E
:10CA6000F903F303F403F503F603F703F703F903FC
:10CA7000FA03FA0330042003500410076004220173
:10CA80008A043601C1040E01CF040100C004D004A1
:10CA900044016105260400007D1D0100632C001E79
:10CAA0009601A01E5A01001F0806101F0606201F2F
:10CAB0000806301F0806401F0606511F0700591FB1
:10CAC000521F5B1F541F5D1F561F5F1F601F08060C
:10CAD000701F0E00BA1FBB1FC81FC91FCA1FCB1F64
:10CAE000DA1FDB1FF81FF91FEA1FEB1FFA1FFB1FDE
:10CAF000801F0806901F0806A01F0806B01F04002C
:10CB0000B81FB91FB21FBC1FCC1F0100C31FD01F0D
:10CB10000206E01F0206E51F0100EC1FF21F0100E4
:10CB2000FC1F4E21010032217021100284210100DE
:10CB30008321D0241A05302C2F04602C0201672C8D
:10CB40000601752C0201802C6401002D260841FF8E
:10CB50001A03000000000000000000000000F03F89
:10CB6000000000000000F83F00000000000000008E
:10CB70000000004003B8E23F000000000000000099
:10CB800006D0CF43EBFD4C3E033333333333E33F27
:10CB9000FFAB6FDBB66DDB3F4D268F515555D53F53
:10CBA00001411DA96074D13F65DBC9934A86CD3F21
:10CBB000EF4E454A287ECA3F3E5555555555C53F0F
:10CBC00093BDBE166CC166BF2CDE25AF6A56113F01
:10CBD000F16BD2C541BDBBBED0A4BE726937663E03
:10CBE0000040404040404040404041414141414080
:10CBF0004040404040404040404040404040404035
:10CC000040050202020202020202020202020202C3
:10CC100002202020202020202020200202020202C8
:10CC20000202909090909090101010101010101020
:10CC3000101010101010101010101010020202022C
:10CC40000202888888888888080808080808080870
:10CC5000080808080808080808080808020202026C
:10CC600040000000E1CB00080000000000000000D0
:10CC70006D6D68203E00000055736167653A200DB8
:10CC80000A2020202020202068656C702C206C69F0
:10CC9000737420616C6C20636F6D6D616E64730DD5
:10CCA0000A2020202020202068656C7020636F6D92
:10CCB0006D616E642C2073686F7720757361676592
:10CCC000206F662027636F6D6D616E64270D0A000B
:10CCD0006C69737420616C6C20636F6D6D616E6440
:10CCE000730D0A0068656C700000000055415254D5
:10CCF0003120B3F5CABCBBAFC5E4D6C32020202089
:10CD0000202020202025642D4E6F6E652D382D317A
:10CD10003B20D2D1CDEAB3C9B3F5CABCBBAFC5E4A1
:10CD2000D6C3A1A2CAD5B7A2C5E4D6C30D000000E0
:10CD3000554152543220B3F5CABCBBAFC5E4D6C38B
:10CD400020202020202020202025642D4E6F6E657D
:10CD50002D382D313B20D2D1CDEAB3C9B3F5CABCB1
:10CD6000BBAFC5E4D6C3A1A2CAD5B7A2C5E4D6C39A
:10CD70000D00000055736167653A0D0A20202020E0
:10CD80006F7461202D20456E746572204F544120D0
:10CD90006D656E7520746F2073656C6563742066B5
:10CDA000756E6374696F6E730D0A00007472696743
:10CDB000676572204F5441206669726D77617265B4
:10CDC0002075706461746520766961207769726589
:10CDD0006C6573730D0A00006F74610041542B5130
:10CDE0004D545055423D302C302C302C302C222FBD
:10CDF0006F74612F6465766963652F70726F6772F7
:10CE00006573732F6B316D67344E62653868752FAB
:10CE1000426F6F744C6F61646572220D0A000000EE
:10CE20007B226964223A2231323334222C22636F0E
:10CE30006465223A3230302C2264617461223A7B7C
:10CE40002273746570223A222573222C2264657342
:10CE500063223A222573222C2270726F67726573E7
:10CE600073223A25647D7D0055736167653A0D0A2A
:10CE700020202020436C65616E20746865207363F8
:10CE80007265656E0D0A0000636C65616E000000DE
:10CE900055736167653A200D0A202020202020204C
:10CEA000676F2C206A756D7020746F203078303871
:10CEB00030363030303020746F2072756D206170E4
:10CEC000700D0A00676F00004F7065726174652015
:10CED0004641542066696C652073797374656D20D2
:10CEE0006F6E20534420636172640D0A00000000DD
:10CEF00055736167653A0D0A2020202066617466CB
:10CF000073202D20456E7465722046415420666959
:10CF10006C652073797374656D206D656E75206620
:10CF20006F722053442063617264206F7065726178
:10CF300074696F6E730D0A00666174005741524E3A
:10CF4000494E473A20546869732077696C6C2065B4
:10CF50007261736520466C6173682061726561203F
:10CF600030782530386C58202D2030782530386CBA
:10CF7000582028536563746F7236290D0A0000002B
:10CF800055736167653A200D0A202020202020205B
:10CF9000727A203C666C61736820616464726573A8
:10CFA000733E0D0A000000007265636569766520B6
:10CFB00066696C65207468726F756768207A206D89
:10CFC0006F64656D0D0A0000727A0000ECCF0008F6
:10CFD0000000002010070000060F00088CD6000893
:10CFE00010070020F8AC0000306900083201821000
:10CFF0001324F41370CC2308301B2054041A640447
:10D0000013B0061B2078081A9C04411AE4201AD099
:10D01000041A780413699A820813D99E4C08D99689
:10D020001013D8CD1B08AC041A740413D1A01C082B
:10D0300088CE0C19041A6804130D753308321AC40B
:10D040000C1AA4041A90049A5D48C11338CF1B0827
:10D05000C8201AF0046B7D902400FF0021104220AC
:10D0600063308440A550C660E770088129914AA1C9
:10D070006BB18CC1ADD1CEE1EFF131121002733240
:10D080005222B5529442F772D662399318837BB319
:10D090005AA3BDD39CC3FFF3DEE3622443342004D0
:10D0A0000114E664C774A44485546AA54BB5288569
:10D0B0000995EEE5CFF5ACC58DD553367226111620
:10D0C0003006D776F6669556B4465BB77AA71997B9
:10D0D0003887DFF7FEE79DD7BCC7C448E5588668A8
:10D0E000A7784008611802282338CCC9EDD98EE909
:10D0F000AFF9488969990AA92BB9F55AD44AB77A80
:10D10000966A711A500A333A122AFDDBDCCBBFFB58
:10D110009EEB799B588B3BBB1AABA66C877CE44C8F
:10D12000C55C222C033C600C411CAEED8FFDECCDA8
:10D13000CDDD2AAD0BBD688D499D977EB66ED55E5F
:10D14000F44E133E322E511E700E9FFFBEEFDDDFF8
:10D15000FCCF1BBF3AAF599F788F10148891A981DB
:10D16000CAB1EBA10CD12DC14EF16FE18010A140ED
:10D17000EDC230E3200450254046706760B98398C3
:10D1800093FBA3DAB33DC31CD37FE35EF3B10290FC
:10D1900012F322D2323542145277625672EAB5CB7C
:10D1A000A5A89589856EF54FE52CD50DC5E234C34C
:10D1B00024A01481046674476424540544DBA7FA50
:10D1C000B79987B8975FE77EF71DC73CD7D326F29C
:10D1D000369106B01657667676154634564CD96D9C
:10D1E000C90EF92FE9C899E9898AB9ABA9445865EC
:10D1F0004806782768C018E1088238A3287DCB5CF0
:10D20000DB3FEB1EFBF98BD89BBBAB9ABB754A543B
:10D210005A376A167AF10AD01AB32A923A2EFD0FBB
:10D22000ED6CDD4DCDAABD8BADE89DC98D267C078B
:10D230006C645C454CA23C832CE01CC10C1FEF3E8F
:10D24000FF5DCF7CDF9BAFBABFD98FF89F176E36DB
:10D250007E554E745E932EB23ED10EF01E10C296D5
:10D260003007772C610EEEBA51099919C46D078FFA
:10D27000F46A7035A563E9A395649E3288DB0EA439
:10D28000B8DC791EE9D5E088D9D2972B4CB609BD18
:10D290007CB17E072DB8E7911DBF906410B71DF2D9
:10D2A00020B06A4871B9F3DE41BE847DD4DA1AEB4E
:10D2B000E4DD6D51B5D4F4C785D38356986C13C0A3
:10D2C000A86B647AF962FDECC9658A4F5C0114D9D8
:10D2D0006C0663633D0FFAF50D088DC8206E3B5E4A
:10D2E00010694CE44160D5727167A2D1E4033C47F8
:10D2F000D4044BFD850DD26BB50AA5FAA8B5356CE3
:10D3000098B242D6C9BBDB40F9BCACE36CD83275ED
:10D310005CDF45CF0DD6DC593DD1ABAC30D9263AD8
:10D320001061DE518051D7C81661D0BFB5F4B42169
:10D3300023C4B3569995BACF0FA5BDB89EB802289D
:10D340000888055FB2D90CC624E90BB1877C6F2F22
:10D35000114C6858AB1D61C13D2D66B69041DC761D
:10D360000671DB01BC20D2982A10D5EF8985B171F6
:10D370001FB5B606A5E4BF9F33D4B8E8A2C90778A5
:10D3800034F910270F8EA8099618980EE1BB0D6A84
:10D390007F2D3D6D08976C6491015C63E6F4516BE1
:10D3A0006B62616C1CD83065854E103C62F2ED9565
:10D3B000066C7BA5011BC1F4088257C40FF5C6D9C2
:10D3C000B06550E9B712EAB8BE8B7C88B9FCDF1DA6
:10D3D000DD62492DDA15F37CD38C654CD4FB5861A2
:10D3E000B24DCE51B53A7410B1BCA3E230BBD441BA
:10D3F000A5DF4AD795D83D6DC4D1A4FBF4D6D36A36
:10D40000E96943FCD96E34468867ADD0B860DA73F9
:10D410002D0444E51D03335F4C0AAAC97C0DDD3C95
:10D42000710550AA41022710100BBE86200CC92599
:10D43000B56857B3856F2009D466B99FE461CE0EF5
:10D44000F9DE5E98C9D9292298D0B0B4A8D7C717F9
:10D450003DB359810DB42E3B5CBDB7AD6CBAC02055
:10D4600083B8EDB6B3BF9A0CE2B6039AD2B1743961
:10D4700047D5EAAF77D29D1526DB048316DC7312FD
:10D480000B63E3843B64943E6A6D0DA85A6A7A0B81
:10D49000CF0EE49DFF099327AE10E40AB19E077DED
:10D4A00044930FF0D2A3088768F2011EFEC20669FA
:10D4B0005D5762F7CB67658071366C19E7066B6E56
:10D4C000761BD4FEE02BD3895A7ADA10CC4ADD677A
:10D4D0006FDFB9F9F9EFBE8E43BEB717D58EB060D6
:10D4E000E8A3D6D67E93D1A1C4C2D83852F2DF4F7A
:10D4F000F167BBD16757BCA6DD06B53F4B36B248D6
:10D50000DA2B0DD84C1B0AAFF64A0336607A044179
:10D51000C3EF60DF55DF67A8EF8E6E3179BE6946D5
:10D520008CB361CB1A8366BCA0D26F2536E26852F9
:10D5300095770CCC03470BBBB91602222F26055555
:10D54000BE3BBAC5280BBDB2925AB42B046AB35C79
:10D55000A7FFD7C231CFD0B58B9ED92C1DAEDE5BD5
:10D56000B0C2649B26F263EC9CA36A750A936D02B9
:10D57000A906099C3F360EEB85670772135710E426
:10D5800005824ABF95147AB8E2AE2BB17B381BB640
:10D590000C9B8ED2920DBED5E5B7EFDC7C21DFDB94
:10D5A0000BD4D2D38642E2D4F1F8B3DD686E83DACD
:10D5B0001FCD16BE815B26B9F6E177B06F7747B70E
:10D5C00018E65A0888706A0FFFCA3B06665C0B01B2
:10D5D00011FF9E658F69AE62F8D3FF6B6145CF6C1A
:10D5E0001678E20AA0EED20DD75483044EC2B303DC
:10D5F00039612667A7F71660D04D476949DB776E1A
:10D600003E4A6AD1AEDC5AD6D9660BDF40F03BD831
:10D610003753AEBCA9C59EBBDE7FCFB247E9FFB58D
:10D62000301CF2BDBD8AC2BACA3093B353A6A3B4AC
:10D63000240536D0BA9306D7CD2957DE54BF67D913
:10D64000232E7A66B3B84A61C4021B685D942B6FBF
:10D650002A37BE0BB4A18E0CC31BDF055A8DEF0217
:10D660002DC8CF1B08A8041A800413F5AE101208A9
:10D670003031323334353637383961626364656648
:0CD680007A18017A0801B1021F010000B5
:040000050800018965
:00000001FF
